timestamp,open,close,high,low
2023-03-13,1.004745,1.003937,1.00577998,1.00289
2023-03-14,1.00516857,1.00337658,1.00596851,1.00222462
2023-03-15,1.00444,1.00331639,1.00444,1.0023
2023-03-16,1.00221844,1.00226092,1.00226092,1.00120495
2023-03-17,1.001226,1.00231828,1.0023396,1.001226
2023-03-18,1.00334,1.0022865,1.00334,1.0022865
2023-03-19,1.002765,1.002765,1.002765,1.002765
2023-03-20,1.003,1.003,1.003,1.003
2023-03-21,1.00199379,1.002,1.00305,1.00198504
2023-03-22,1.00305812,1.00204017,1.00307,1.002
2023-03-23,1.00307773,1.002,1.00307773,1.002
2023-03-24,1.0009844,1.0009844,1.0009844,1.0009844
2023-03-25,1.001,1.001,1.001,1.001
2023-03-26,1.001,1.001,1.001,1.001
2023-03-27,1.000495,1.000495,1.000495,1.000495
2023-03-28,1.00014,1.00014,1.00014,1.00014
2023-03-29,1.00013192,1.00013192,1.00013192,1.00013192
2023-03-30,1.000305,1.000305,1.000305,1.000305
2023-03-31,1.00028,1.00028,1.00028,1.00028
2023-04-01,1.00049,1.00049,1.00049,1.00049
2023-04-02,1.000255,1.000255,1.000255,1.000255
2023-04-03,1.00028798,1.00028798,1.00028798,1.00028798
2023-04-04,1.00015,1.00015,1.00015,1.00015
2023-04-05,1.000315,1.000315,1.000315,1.000315
2023-04-06,1.0003,1.0003,1.0003,1.0003
2023-04-07,1.0005524,1.0005524,1.0005524,1.0005524
2023-04-08,1.0006,1.0006,1.0006,1.0006
2023-04-09,1.00066,1.00066,1.00066,1.00066
2023-04-10,1.00045,1.00045,1.00045,1.00045
2023-04-11,1.00087368,1.00087368,1.00087368,1.00087368
2023-04-12,1.00089,1.00089,1.00089,1.00089
2023-04-13,1.00119493,1.00119493,1.00119493,1.00119493
2023-04-14,1.000875,1.000875,1.000875,1.000875
2023-04-15,1.001,1.001,1.001,1.001
2023-04-16,1.00083,1.00083,1.00083,1.00083
2023-04-17,1.0005287,1.0005287,1.0005287,1.0005287
2023-04-18,1.000325,1.000325,1.000325,1.000325
2023-04-19,1.00023,1.00023,1.00023,1.00023
2023-04-20,1.0002276,1.0002276,1.0002276,1.0002276
2023-04-21,0.999905,0.999905,0.999905,0.999905
2023-04-22,1.0004,1.0004,1.0004,1.0004
2023-04-23,1.0003059,1.0003059,1.0003059,1.0003059
2023-04-24,1.00006,1.00006,1.00006,1.00006
2023-04-25,1.00003477,1.00003477,1.00003477,1.00003477
2023-04-26,1.00005,1.00005,1.00005,1.00005
2023-04-27,1.0004628,1.0004628,1.0004628,1.0004628
2023-04-28,1.0005,1.0005,1.0005,1.0005
2023-04-29,1.001,1.001,1.001,1.001
2023-04-30,1.000576,1.000576,1.000576,1.000576
2023-05-01,1.0004131,1.0004131,1.0004131,1.0004131
2023-05-02,1.00004,1.00004,1.00004,1.00004
2023-05-03,1.000535,1.000535,1.000535,1.000535
2023-05-04,1.00059,1.00059,1.00059,1.00059
2023-05-05,1.000975,1.000975,1.000975,1.000975
2023-05-06,1.002,1.002,1.002,1.002
2023-05-07,1.0019,1.0019,1.0019,1.0019
2023-05-08,1.00144622,1.00144622,1.00144622,1.00144622
2023-05-09,1.0007,1.00069,1.00177021,1.00069
2023-05-10,1.00093,1.00093,1.00093,1.00093
2023-05-11,1.00067,1.00067,1.00067,1.00067
2023-05-12,1.00041482,1.00041482,1.00041482,1.00041482
2023-05-13,1.000773,1.000773,1.000773,1.000773
2023-05-14,1.00049556,1.00049556,1.00049556,1.00049556
2023-05-15,1.00044213,1.00044213,1.00044213,1.00044213
2023-05-16,1.00009882,1.00009882,1.00009882,1.00009882
2023-05-17,0.9999425,0.9999425,0.9999425,0.9999425
2023-05-18,0.99993,0.99993,0.99993,0.99993
2023-05-19,1.00015683,1.00015683,1.00015683,1.00015683
2023-05-20,1.00033129,1.00033129,1.00033129,1.00033129
2023-05-21,1.00045,1.00045,1.00045,1.00045
2023-05-22,1.00014,1.00014,1.00014,1.00014
2023-05-23,1.000111,1.000111,1.000111,1.000111
2023-05-24,1.0,1.0,1.0,1.0
2023-05-25,1.0,1.0,1.0,1.0
2023-05-26,1.000318,1.000318,1.000318,1.000318
2023-05-27,1.00036,1.00036,1.00036,1.00036
2023-05-28,1.00030449,1.00030449,1.00030449,1.00030449
2023-05-29,1.00024199,1.00024199,1.00024199,1.00024199
2023-05-30,1.0003504,1.0003504,1.0003504,1.0003504
2023-05-31,1.00023,1.00023,1.00023,1.00023
2023-06-01,1.00008673,1.00008673,1.00008673,1.00008673
2023-06-02,1.00026,1.00026,1.00026,1.00026
2023-06-03,1.00037551,1.00037551,1.00037551,1.00037551
2023-06-04,1.00037,1.00037,1.00037,1.00037
2023-06-05,1.00043,1.00043,1.00043,1.00043
2023-06-06,1.0002,1.0002,1.0002,1.0002
2023-06-07,1.0003075,1.0003075,1.0003075,1.0003075
2023-06-08,1.00016311,1.00016311,1.00016311,1.00016311
2023-06-09,1.0,1.0,1.0,1.0
2023-06-10,1.00100171,1.00100171,1.00100171,1.00100171
2023-06-11,1.00046526,1.00046526,1.00046526,1.00046526
2023-06-12,1.0002,1.0002,1.0002,1.0002
2023-06-13,0.9999,0.9999,0.9999,0.9999
2023-06-14,0.99987573,0.99987573,0.99987573,0.99987573
2023-06-15,0.9993,0.99946,0.99946,0.996286
2023-06-16,0.99844389,0.9995,0.9995,0.99844389
2023-06-17,0.9996509,0.9996509,0.9996509,0.9996509
2023-06-18,0.99972333,0.99972333,0.99972333,0.99972333
2023-06-19,0.99976,0.99976,0.99976,0.99976
2023-06-20,1.00016136,1.00016136,1.00016136,1.00016136
2023-06-21,1.000056,1.000056,1.000056,1.000056
2023-06-22,1.00021,1.00021,1.00021,1.00021
2023-06-23,1.00077814,1.00077814,1.00077814,1.00077814
2023-06-24,1.00053,1.00053,1.00053,1.00053
2023-06-25,1.00030683,1.00030683,1.00030683,1.00030683
2023-06-26,1.00008384,1.00008384,1.00008384,1.00008384
2023-06-27,1.00019,1.00019,1.00019,1.00019
2023-06-28,0.99998899,0.99998899,0.99998899,0.99998899
2023-06-29,0.99979857,0.99979857,0.99979857,0.99979857
2023-06-30,0.99978102,0.99978102,0.99978102,0.99978102
2023-07-01,1.00002494,1.00002494,1.00002494,1.00002494
2023-07-02,0.99985172,0.99985172,0.99985172,0.99985172
2023-07-03,1.00004,1.00004,1.00004,1.00004
2023-07-04,1.00008759,1.00008759,1.00008759,1.00008759
2023-07-05,0.99990967,0.99990967,0.99990967,0.99990967
2023-07-06,1.0000224,1.0000224,1.0000224,1.0000224
2023-07-07,1.00013943,1.00013943,1.00013943,1.00013943
2023-07-08,1.00016915,1.00016915,1.00016915,1.00016915
2023-07-09,1.0003657,1.0003657,1.0003657,1.0003657
2023-07-10,1.00015692,1.00015692,1.00015692,1.00015692
2023-07-11,1.00005,1.00005,1.00005,1.00005
2023-07-12,0.99991643,0.99991643,0.99991643,0.99991643
2023-07-13,1.00096652,1.00096652,1.00096652,1.00096652
2023-07-14,1.00046994,1.00046994,1.00046994,1.00046994
2023-07-15,1.00033615,1.00033615,1.00033615,1.00033615
2023-07-16,1.0005,1.0005,1.0005,1.0005
2023-07-17,1.00016,1.00016,1.00016,1.00016
2023-07-18,1.000254,1.000254,1.000254,1.000254
2023-07-19,1.00002,1.00002,1.00002,1.00002
2023-07-20,0.99984,0.99984,0.99984,0.99984
2023-07-21,0.99999,0.99999,0.99999,0.99999
2023-07-22,1.00013,1.00013,1.00013,1.00013
2023-07-23,0.99997,0.99997,0.99997,0.99997
2023-07-24,0.99977,0.99977,0.99977,0.99977
2023-07-25,1.0,1.0,1.0,1.0
2023-07-26,0.99996851,0.99996851,0.99996851,0.99996851
2023-07-27,0.99972874,0.99972874,0.99972874,0.99972874
2023-07-28,0.9999,0.9999,0.9999,0.9999
2023-07-29,1.00012345,1.00012345,1.00012345,1.00012345
2023-07-30,0.99999966,0.99999966,0.99999966,0.99999966
2023-07-31,0.99975609,0.99975609,0.99975609,0.99975609
2023-08-01,0.99954603,0.99954603,0.99954603,0.99954603
2023-08-02,0.999584,0.999584,0.999584,0.999584
2023-08-03,0.99917582,0.99917582,0.99917582,0.99917582
2023-08-04,0.99881212,0.99881212,0.99881212,0.99881212
2023-08-05,0.99891802,0.99891802,0.99891802,0.99891802
2023-08-06,0.99866676,0.99866676,0.99866676,0.99866676
2023-08-07,0.998856,0.998856,0.998856,0.998856
2023-08-08,0.99970661,0.99970661,0.99970661,0.99970661
2023-08-09,0.99913,0.99913,0.99913,0.99913
2023-08-10,0.99873,0.99873,0.99873,0.99873
2023-08-11,0.99881331,0.99881331,0.99881331,0.99881331
2023-08-12,0.99982257,0.99982257,0.99982257,0.99982257
2023-08-13,0.99946562,0.99946562,0.99946562,0.99946562
2023-08-14,0.99836231,0.99836231,0.99836231,0.99836231
2023-08-15,0.99855021,0.99855021,0.99855021,0.99855021
2023-08-16,0.9989,0.9989,0.9989,0.9989
2023-08-17,0.9987,0.9997,0.9997,0.9987
2023-08-18,0.9997,0.9997,0.9997,0.9997
2023-08-19,0.99997,0.99997,0.99997,0.99997
2023-08-20,1.000005,1.000005,1.000005,1.000005
2023-08-21,0.99988,0.99988,0.99988,0.99988
2023-08-22,0.999716,0.999716,0.999716,0.999716
2023-08-23,0.99974531,0.99974531,0.99974531,0.99974531
2023-08-24,0.9996,0.9996,0.9996,0.9996
2023-08-25,0.99954171,0.99954171,0.99954171,0.99954171
2023-08-26,0.99951393,0.99951393,0.99951393,0.99951393
2023-08-27,0.9996,0.9996,0.9996,0.9996
2023-08-28,0.99965636,0.99965636,0.99965636,0.99965636
2023-08-29,1.00012165,1.00012165,1.00012165,1.00012165
2023-08-30,0.99996,0.99996,0.99996,0.99996
2023-08-31,0.99976684,0.99976684,0.99976684,0.99976684
2023-09-01,0.99968,0.99968,0.99968,0.99968
2023-09-02,0.99998,0.99998,0.99998,0.99998
2023-09-03,0.9999,0.9999,0.9999,0.9999
2023-09-04,0.9997,0.9997,0.9997,0.9997
2023-09-05,0.99948,0.99948,0.99948,0.99948
2023-09-06,0.9996,0.9996,0.9996,0.9996
2023-09-07,0.9996,0.9996,0.9996,0.9996
2023-09-08,1.00015459,1.00015459,1.00015459,1.00015459
2023-09-09,0.9998182,0.9998182,0.9998182,0.9998182
2023-09-10,0.99963243,0.99963243,0.99963243,0.99963243
2023-09-11,0.99969236,0.99969236,0.99969236,0.99969236
2023-09-12,0.99999541,0.99999541,0.99999541,0.99999541
2023-09-13,1.000326,1.000326,1.000326,1.000326
2023-09-14,1.00028,1.00028,1.00028,1.00028
2023-09-15,1.00006,1.00006,1.00006,1.00006
2023-09-16,1.00023,1.00023,1.00023,1.00023
2023-09-17,1.0003,1.0003,1.0003,1.0003
2023-09-18,1.0001892,1.0001892,1.0001892,1.0001892
2023-09-19,1.0002037,1.0002037,1.0002037,1.0002037
2023-09-20,1.00006,1.00006,1.00006,1.00006
2023-09-21,0.99996,0.99996,0.99996,0.99996
2023-09-22,1.0001732,1.0001732,1.0001732,1.0001732
2023-09-23,1.00015,1.00015,1.00015,1.00015
2023-09-24,1.0000465,1.0000465,1.0000465,1.0000465
2023-09-25,0.99998428,0.99998428,0.99998428,0.99998428
2023-09-26,0.99967,0.99967,0.99967,0.99967
2023-09-27,0.99939067,0.99939067,0.99939067,0.99939067
2023-09-28,1.00008715,1.00008715,1.00008715,1.00008715
2023-09-29,0.9999897,0.9999897,0.9999897,0.9999897
2023-09-30,1.0002311,1.0002311,1.0002311,1.0002311
2023-10-01,1.0002,1.0002,1.0002,1.0002
2023-10-02,1.00022732,1.00022732,1.00022732,1.00022732
2023-10-03,1.00009073,1.00009073,1.00009073,1.00009073
2023-10-04,1.0000899,1.0000899,1.0000899,1.0000899
2023-10-05,1.00028,1.00028,1.00028,1.00028
2023-10-06,1.00044574,1.00044574,1.00044574,1.00044574
2023-10-07,1.000565,1.000565,1.000565,1.000565
2023-10-08,1.00056,1.00056,1.00056,1.00056
2023-10-09,1.0002,1.0002,1.0002,1.0002
2023-10-10,1.0001074,1.0001074,1.0001074,1.0001074
2023-10-11,0.99984722,0.99984722,0.99984722,0.99984722
2023-10-12,0.9996618,0.9996618,0.9996618,0.9996618
2023-10-13,0.99991942,0.99991942,0.99991942,0.99991942
2023-10-14,1.00000524,1.00000524,1.00000524,1.00000524
2023-10-15,1.00011137,1.00011137,1.00011137,1.00011137
2023-10-16,1.00044045,1.00044045,1.00044045,1.00044045
2023-10-17,1.00036732,1.00036732,1.00036732,1.00036732
2023-10-18,1.00024569,1.00024569,1.00024569,1.00024569
2023-10-19,1.0004,1.0004,1.0004,1.0004
2023-10-20,1.00043,1.00043,1.00043,1.00043
2023-10-21,1.0005,1.0005,1.0005,1.0005
2023-10-22,1.0003,1.0003,1.0003,1.0003
2023-10-23,1.00052675,1.00052675,1.00052675,1.00052675
2023-10-24,0.99992,0.99992,0.99992,0.99992
2023-10-25,1.00035046,1.00035046,1.00035046,1.00035046
2023-10-26,1.00008238,1.00008238,1.00008238,1.00008238
2023-10-27,1.00022,1.00022,1.00022,1.00022
2023-10-28,1.00018099,1.00018099,1.00018099,1.00018099
2023-10-29,1.00046574,1.00046574,1.00046574,1.00046574
2023-10-30,1.0004,1.0004,1.0004,1.0004
2023-10-31,1.00040223,1.00040223,1.00040223,1.00040223
2023-11-01,1.0004592,1.0004592,1.0004592,1.0004592
2023-11-02,1.0000945,1.0000945,1.0000945,1.0000945
2023-11-03,1.00050975,1.00050975,1.00050975,1.00050975
2023-11-04,1.00087822,1.00087822,1.00087822,1.00087822
2023-11-05,1.00114285,1.00114285,1.00114285,1.00114285
2023-11-06,1.00013136,1.00013136,1.00013136,1.00013136
2023-11-07,1.00067362,1.00067362,1.00067362,1.00067362
2023-11-08,1.0003,1.0003,1.0003,1.0003
2023-11-09,1.0001985,1.0001985,1.0001985,1.0001985
2023-11-10,1.00043,1.00043,1.00043,1.00043
2023-11-11,1.0002163,1.0002163,1.0002163,1.0002163
2023-11-12,1.00041,1.00041,1.00041,1.00041
2023-11-13,1.00024,1.00024,1.00024,1.00024
2023-11-14,1.00006241,1.00006241,1.00006241,1.00006241
2023-11-15,1.00072,1.00072,1.00072,1.00072
2023-11-16,1.00018292,1.00018292,1.00018292,1.00018292
2023-11-17,1.00032548,1.00032548,1.00032548,1.00032548
2023-11-18,1.0006353,1.0006353,1.0006353,1.0006353
2023-11-19,1.00055,1.00055,1.00055,1.00055
2023-11-20,1.00099557,1.00099557,1.00099557,1.00099557
2023-11-21,1.0003852,1.0003852,1.0003852,1.0003852
2023-11-22,1.0004,1.0004,1.0004,1.0004
2023-11-23,1.00015414,1.00015414,1.00015414,1.00015414
2023-11-24,1.00059,1.00059,1.00059,1.00059
2023-11-25,1.000558,1.000558,1.000558,1.000558
2023-11-26,1.000321,1.000321,1.000321,1.000321
2023-11-27,0.99998,0.99998,0.99998,0.99998
2023-11-28,1.00076367,1.00076367,1.00076367,1.00076367
2023-11-29,1.00009,1.00009,1.00009,1.00009
2023-11-30,1.00032003,1.00032003,1.00032003,1.00032003
2023-12-01,1.00035,1.00035,1.00035,1.00035
2023-12-02,1.00048624,1.00048624,1.00048624,1.00048624
2023-12-03,1.00035163,1.00035163,1.00035163,1.00035163
2023-12-04,1.0000304,1.0000304,1.0000304,1.0000304
2023-12-05,1.0001203,1.0001203,1.0001203,1.0001203
2023-12-06,1.0002363,1.0002363,1.0002363,1.0002363
2023-12-07,1.00023783,1.00023783,1.00023783,1.00023783
2023-12-08,1.00034533,1.00034533,1.00034533,1.00034533
2023-12-09,1.00027,1.00027,1.00027,1.00027
2023-12-10,1.00006961,1.00006961,1.00006961,1.00006961
2023-12-11,0.99905575,0.99905575,0.99905575,0.99905575
2023-12-12,0.99944839,0.99944839,0.99944839,0.99944839
2023-12-13,0.99998,0.99998,0.99998,0.99998
2023-12-14,1.00029011,1.00029011,1.00029011,1.00029011
2023-12-15,0.99994083,0.99993522,0.99994083,0.99993522
2023-12-16,0.99962809,0.99962809,0.99962809,0.99962809
2023-12-17,0.9984943,0.9984943,0.9984943,0.9984943
2023-12-18,0.99949299,0.99949299,0.99949299,0.99949299
2023-12-19,0.99982433,0.99982433,0.99982433,0.99982433
2023-12-20,0.99981001,0.99981001,0.99981001,0.99981001
2023-12-21,0.99999,0.99999,0.99999,0.99999
2023-12-22,1.00019852,1.00019852,1.00019852,1.00019852
2023-12-23,1.00107709,1.00107709,1.00107709,1.00107709
2023-12-24,1.00046,1.00046,1.00046,1.00046
2023-12-25,1.000632,1.000632,1.000632,1.000632
2023-12-26,1.00027712,1.00027712,1.00027712,1.00027712
2023-12-27,0.99999,0.99999,0.99999,0.99999
2023-12-28,1.001,1.001,1.001,1.001
2023-12-29,1.00062112,1.00062112,1.00062112,1.00062112
2023-12-30,1.00017,1.00017,1.00017,1.00017
2023-12-31,1.00016046,1.00016046,1.00016046,1.00016046
2024-01-01,1.00005214,1.00005214,1.00005214,1.00005214
2024-01-02,1.00042,1.00042,1.00042,1.00042
2024-01-03,1.00042026,1.00112445,1.00849304,1.00042026
2024-01-04,1.00083007,1.00083007,1.00083007,1.00083007
2024-01-05,1.00068794,1.00068794,1.00068794,1.00068794
2024-01-06,1.00067,1.00067,1.00067,1.00067
2024-01-07,1.00052,1.00052,1.00052,1.00052
2024-01-08,1.0006,1.0006,1.0006,1.0006
2024-01-09,1.000461,1.000461,1.000461,1.000461
2024-01-10,1.00053183,1.00053183,1.00053183,1.00053183
2024-01-11,1.00033436,1.00033436,1.00033436,1.00033436
2024-01-12,1.00007189,0.99897278,1.00007189,0.99897278
2024-01-13,0.99997465,0.99997465,0.99997465,0.99997465
2024-01-14,0.99994481,0.99994481,0.99994481,0.99994481
2024-01-15,0.99948911,0.99948911,0.99948911,0.99948911
2024-01-16,0.99938636,0.99938636,0.99938636,0.99938636
2024-01-17,0.9998,0.9998,0.9998,0.9998
2024-01-18,0.99922409,0.99921875,0.99922409,0.99818187
2024-01-19,0.9991505,0.9991505,0.9991505,0.9991505
2024-01-20,0.99926029,0.99926029,0.99926029,0.99926029
2024-01-21,0.99947351,0.99947351,0.99947351,0.99947351
2024-01-22,0.99901,0.99901,0.99901,0.99901
2024-01-23,0.99914057,0.99914057,0.99914057,0.99914057
2024-01-24,0.99955,0.99955,0.99955,0.99955
2024-01-25,0.99961536,0.99961536,0.99961536,0.99961536
2024-01-26,0.99989693,0.99989693,0.99989693,0.99989693
2024-01-27,1.0000031,1.0000031,1.0000031,1.0000031
2024-01-28,0.99996259,0.99996259,0.99996259,0.99996259
2024-01-29,1.00006403,1.00006403,1.00006403,1.00006403
2024-01-30,0.99997106,0.99997106,0.99997106,0.99997106
2024-01-31,0.99950437,0.99950437,0.99950437,0.99950437
2024-02-01,0.999785,0.999785,0.999785,0.999785
2024-02-02,0.99957426,0.99957426,0.99957426,0.99957426
2024-02-03,0.9997523,0.9997523,0.9997523,0.9997523
2024-02-04,0.99972989,0.99972989,0.99972989,0.99972989
2024-02-05,0.99873,0.99873,0.99873,0.99873
2024-02-06,0.99923861,0.99923861,0.99923861,0.99923861
2024-02-07,0.9993499,0.9993499,0.9993499,0.9993499
2024-02-08,1.00002306,1.00002306,1.00002306,1.00002306
2024-02-09,1.00013138,1.00013138,1.00013138,1.00013138
2024-02-10,1.0004585,1.0004585,1.0004585,1.0004585
2024-02-11,1.00028,1.00028,1.00028,1.00028
2024-02-12,1.00055,1.00055,1.00055,1.00055
2024-02-13,1.00008,1.00008,1.00008,1.00008
2024-02-14,1.00068359,1.00068359,1.00068359,1.00068359
2024-02-15,1.00029,1.00029,1.00029,1.00029
2024-02-16,1.00044831,1.00044831,1.00044831,1.00044831
2024-02-17,1.00029,1.00029,1.00029,1.00029
2024-02-18,1.00027322,1.00027322,1.00027322,1.00027322
2024-02-19,1.00002525,1.00002525,1.00002525,1.00002525
2024-02-20,1.00019497,1.00019497,1.00019497,1.00019497
2024-02-21,0.99988,0.99988,0.99988,0.99988
2024-02-22,0.99967954,0.99967954,0.99967954,0.99967954
2024-02-23,0.99985033,0.99985033,0.99985033,0.99985033
2024-02-24,0.99988,0.99988,0.99988,0.99988
2024-02-25,0.99995499,0.99995499,0.99995499,0.99995499
2024-02-26,1.00024,1.00024,1.00024,1.00024
2024-02-27,1.00038988,1.00038988,1.00038988,1.00038988
2024-02-28,1.00053,1.00053,1.00053,1.00053
2024-02-29,1.00038,1.00038,1.00038,1.00038
2024-03-01,1.00015,1.00132588,1.00132588,1.00015
2024-03-02,1.00096739,1.00096739,1.00096739,1.00096739
2024-03-03,1.00052517,1.00052517,1.00052517,1.00052517
2024-03-04,1.001531,1.001531,1.001531,1.001531
2024-03-05,1.0004563,1.00082,1.0019097,1.0004563
2024-03-06,1.00127923,1.00128,1.0023,1.00127923
2024-03-07,1.0002661,1.0013,1.0013,1.0002661
2024-03-08,1.00274,1.00278748,1.00278748,1.00172
2024-03-09,1.0017,1.0017,1.0017,1.0017
2024-03-10,1.00189,1.00189,1.00189,1.00189
2024-03-11,1.00088772,1.00088772,1.00088772,1.00088772
2024-03-12,1.0002147,1.0002147,1.0002147,1.0002147
2024-03-13,1.00012,1.0011304,1.0011304,1.00012
2024-03-14,1.00008901,0.9990453,1.00008901,0.9990453
2024-03-15,1.0000476,1.0000476,1.0000476,1.0000476
2024-03-16,0.99983,0.99983,0.99983,0.99983
2024-03-17,0.9988201,0.99987036,0.99987036,0.9988201
2024-03-18,0.99982588,0.99982588,0.99982588,0.99982588
2024-03-19,0.99880143,0.99980296,0.99980296,0.99880143
2024-03-20,1.000071,1.000071,1.000071,1.000071
2024-03-21,0.99993063,0.99993063,0.99993063,0.99993063
2024-03-22,1.0000052,1.0000052,1.0000052,1.0000052
2024-03-23,1.00013645,1.00013645,1.00013645,1.00013645
2024-03-24,0.99988982,0.99988982,0.99988982,0.99988982
2024-03-25,1.00030745,1.00030745,1.00030745,1.00030745
2024-03-26,1.00008,1.00008,1.00008,1.00008
2024-03-27,0.99936606,0.99936606,0.99936606,0.99936606
2024-03-28,1.00017,1.00017,1.00017,1.00017
2024-03-29,1.00009418,1.00009418,1.00009418,1.00009418
2024-03-30,1.00068,1.00068,1.00068,1.00068
2024-03-31,1.00010151,1.00010151,1.00010151,1.00010151
2024-04-01,1.00003745,1.00003745,1.00003745,1.00003745
2024-04-02,1.00105362,1.0000457,1.00105362,1.0000457
2024-04-03,1.00048755,1.00048755,1.00048755,1.00048755
2024-04-04,0.99989,0.99989,0.99989,0.99989
2024-04-05,1.00006,1.00006,1.00006,1.00006
2024-04-06,1.00032843,1.00032843,1.00032843,1.00032843
2024-04-07,1.00030008,1.00030008,1.00030008,1.00030008
2024-04-08,0.99966,0.99966,0.99966,0.99966
2024-04-09,1.00021,1.00021,1.00021,1.00021
2024-04-10,1.00004055,1.00004055,1.00004055,1.00004055
2024-04-11,0.999845,0.999845,0.999845,0.999845
2024-04-12,0.999653,0.999653,0.999653,0.999653
2024-04-13,1.0004,1.00138099,1.0025933,1.0004
2024-04-14,1.00037,1.00037,1.00037,1.00037
2024-04-15,1.00097,1.00097,1.00097,1.00097
2024-04-16,1.0004,1.0004,1.0004,1.0004
2024-04-17,1.000213,1.000213,1.000213,1.000213
2024-04-18,1.00003615,1.00003615,1.00003615,1.00003615
2024-04-19,1.00015063,1.00015063,1.00015063,1.00015063
2024-04-20,1.00043,1.00043,1.00043,1.00043
2024-04-21,1.00050614,1.00050614,1.00050614,1.00050614
2024-04-22,1.0001283,1.0001283,1.0001283,1.0001283
2024-04-23,1.000553,1.000553,1.000553,1.000553
2024-04-24,1.00001,1.00001,1.00001,1.00001
2024-04-25,0.9998055,0.9998055,0.9998055,0.9998055
2024-04-26,0.99999584,0.99999584,0.99999584,0.99999584
2024-04-27,0.99975319,0.99975319,0.99975319,0.99975319
2024-04-28,0.99945005,0.99945005,0.99945005,0.99945005
2024-04-29,0.99984,0.99984,0.99984,0.99984
2024-04-30,0.99962,0.99861,0.99962,0.99861
2024-05-01,0.99883,0.99883,0.99883,0.99883
2024-05-02,0.99983022,0.99983022,0.99983022,0.99983022
2024-05-03,0.99993843,0.99993843,0.99993843,0.99993843
2024-05-04,1.00018,1.00018,1.00018,1.00018
2024-05-05,1.00018,1.00018,1.00018,1.00018
2024-05-06,1.0001,1.0001,1.0001,1.0001
2024-05-07,1.00002,1.00002,1.00002,1.00002
2024-05-08,0.99979623,0.99979623,0.99979623,0.99979623
2024-05-09,0.99962363,0.99962363,0.99962363,0.99962363
2024-05-10,1.0,1.0,1.0,1.0
2024-05-11,0.99962,0.99962,0.99962,0.99962
2024-05-12,0.99955634,0.99955634,0.99955634,0.99955634
2024-05-13,0.99960119,0.99960119,0.99960119,0.99960119
2024-05-14,0.99932,0.99932,0.99932,0.99932
2024-05-15,0.99993767,0.99993767,0.99993767,0.99993767
2024-05-16,1.00029,1.00029,1.00029,1.00029
2024-05-17,1.00011235,1.00011235,1.00011235,1.00011235
2024-05-18,1.00035888,1.00035888,1.00035888,1.00035888
2024-05-19,1.00011262,1.00011262,1.00011262,1.00011262
2024-05-20,1.00002,1.00002,1.00002,1.00002
2024-05-21,0.99979219,0.99979219,0.99979219,0.99979219
2024-05-22,0.9999,0.9999,0.9999,0.9999
2024-05-23,0.99972975,0.99972975,0.99972975,0.99972975
2024-05-24,0.99951,0.99951,0.99951,0.99951
2024-05-25,0.99994044,0.99994044,0.99994044,0.99994044
2024-05-26,0.99969,0.99969,0.99969,0.99969
2024-05-27,0.99938,0.99938,0.99938,0.99938
2024-05-28,0.999,0.999,0.999,0.999
2024-05-29,0.99922758,0.99922758,0.99922758,0.99922758
2024-05-30,0.9993818,0.9993818,0.9993818,0.9993818
2024-05-31,0.99946679,0.99946679,0.99946679,0.99946679
2024-06-01,0.99912359,0.99912359,0.99912359,0.99912359
2024-06-02,0.99930048,0.99930048,0.99930048,0.99930048
2024-06-03,0.99986983,0.99986983,0.99986983,0.99986983
2024-06-04,0.99966819,0.99966819,0.99966819,0.99966819
2024-06-05,0.99972,0.99972,0.99972,0.99972
2024-06-06,0.99964428,0.99964428,0.99964428,0.99964428
2024-06-07,0.99924,0.99924,0.99924,0.99924
2024-06-08,0.99964082,0.99964082,0.99964082,0.99964082
2024-06-09,0.99991317,0.99991317,0.99991317,0.99991317
2024-06-10,0.99972512,0.99972512,0.99972512,0.99972512
2024-06-11,0.99941,0.99941,0.99941,0.99941
2024-06-12,0.99998,0.99998,0.99998,0.99998
2024-06-13,0.99991,0.99991,0.99991,0.99991
2024-06-14,0.99946,0.99946,0.99946,0.99946
2024-06-15,0.99937,0.99937,0.99937,0.99937
2024-06-16,0.99925162,0.99925162,0.99925162,0.99925162
2024-06-17,0.99916741,0.99916741,0.99916741,0.99916741
2024-06-18,0.99979858,0.99979858,0.99979858,0.99979858
2024-06-19,0.99959782,0.99959782,0.99959782,0.99959782
2024-06-20,0.99973,0.99973,0.99973,0.99973
2024-06-21,0.99935,0.99935,0.99935,0.99935
2024-06-22,0.99951,0.99951,0.99951,0.99951
2024-06-23,0.99934,0.99934,0.99934,0.99934
2024-06-24,0.99955763,0.99955763,0.99955763,0.99955763
2024-06-25,0.99941831,0.99941831,0.99941831,0.99941831
2024-06-26,0.99971,0.99971,0.99971,0.99971
2024-06-27,0.99894638,0.99894638,0.99894638,0.99894638
2024-06-28,0.99869331,0.99869331,0.99869331,0.99869331
2024-06-29,0.99846483,0.99846483,0.99846483,0.99846483
2024-06-30,0.99738903,0.99839,0.99839,0.99738903
2024-07-01,0.99875,0.99875,0.99875,0.99875
2024-07-02,0.99874651,0.99874651,0.99874651,0.99874651
2024-07-03,0.99880656,0.99880656,0.99880656,0.99880656
2024-07-04,0.99929808,0.99929808,0.99929808,0.99929808
2024-07-05,1.00007189,1.00007189,1.00007189,1.00007189
2024-07-06,1.00013993,1.00013993,1.00013993,1.00013993
2024-07-07,0.99974254,0.99974254,0.99974254,0.99974254
2024-07-08,0.99973,0.99973,0.99973,0.99973
2024-07-09,1.00005,1.00005,1.00005,1.00005
2024-07-10,0.99999525,0.99999525,0.99999525,0.99999525
2024-07-11,1.00011267,1.00011267,1.00011267,1.00011267
2024-07-12,1.00019826,1.00019826,1.00019826,1.00019826
2024-07-13,1.00018397,1.00018397,1.00018397,1.00018397
2024-07-14,1.00032974,1.00032974,1.00032974,1.00032974
2024-07-15,1.00055712,1.00055712,1.00055712,1.00055712
2024-07-16,1.00038044,1.00038044,1.00038044,1.00038044
2024-07-17,1.0001385,1.0001385,1.0001385,1.0001385
2024-07-18,0.99996006,0.99996006,0.99996006,0.99996006
2024-07-19,1.0001502,1.0001502,1.0001502,1.0001502
2024-07-20,1.00047434,1.00047434,1.00047434,1.00047434
2024-07-21,1.00035,1.00035,1.00035,1.00035
2024-07-22,1.00019911,1.00019911,1.00019911,1.00019911
2024-07-23,1.000187,1.000187,1.000187,1.000187
2024-07-24,1.00009,1.00009,1.00009,1.00009
2024-07-25,0.99981,0.99981,0.99981,0.99981
2024-07-26,1.00007893,1.00007893,1.00007893,1.00007893
2024-07-27,1.0001775,1.0001775,1.0001775,1.0001775
2024-07-28,1.0,1.0,1.0,1.0
2024-07-29,0.99978632,0.99978632,0.99978632,0.99978632
2024-07-30,0.99972615,0.99972615,0.99972615,0.99972615
2024-07-31,0.99964827,0.99964827,0.99964827,0.99964827
2024-08-01,0.99927259,0.99927259,0.99927259,0.99927259
2024-08-02,0.9991,0.9991,0.9991,0.9991
2024-08-03,0.99924988,0.99924988,0.99924988,0.99924988
2024-08-04,0.99931047,0.99931047,0.99931047,0.99931047
2024-08-05,1.000358,1.000358,1.000358,1.000358
2024-08-06,1.00072,1.00072,1.00072,1.00072
2024-08-07,1.00056999,1.00056999,1.00056999,1.00056999
2024-08-08,1.0003,1.0003,1.0003,1.0003
2024-08-09,1.00027208,1.00027208,1.00027208,1.00027208
2024-08-10,1.00029,1.00029,1.00029,1.00029
2024-08-11,1.00017,1.00017,1.00017,1.00017
2024-08-12,1.00022,1.00022,1.00022,1.00022
2024-08-13,1.00027,1.00027,1.00027,1.00027
2024-08-14,1.00035219,1.00035219,1.00035219,1.00035219
2024-08-15,1.00004475,1.00004475,1.00004475,1.00004475
2024-08-16,1.00010001,1.00010001,1.00010001,1.00010001
2024-08-17,1.00018,1.00018,1.00018,1.00018
2024-08-18,1.00008047,1.00008047,1.00008047,1.00008047
2024-08-19,1.00023137,1.00023137,1.00023137,1.00023137
2024-08-20,1.0003435,1.0003435,1.0003435,1.0003435
2024-08-21,1.00014301,1.00014301,1.00014301,1.00014301
2024-08-22,1.00026,1.00026,1.00026,1.00026
2024-08-23,1.00005912,1.00005912,1.00005912,1.00005912
2024-08-24,1.0005355,1.0005355,1.0005355,1.0005355
2024-08-25,1.000415,1.000415,1.000415,1.000415
2024-08-26,1.00029,1.00029,1.00029,1.00029
2024-08-27,1.00009,1.00009,1.00009,1.00009
2024-08-28,1.00026,1.00026,1.00026,1.00026
2024-08-29,1.00017863,1.00017863,1.00017863,1.00017863
2024-08-30,1.00000028,1.00000028,1.00000028,1.00000028
2024-08-31,0.99990507,0.99990507,0.99990507,0.99990507
2024-09-01,0.99981793,0.99981793,0.99981793,0.99981793
2024-09-02,0.99990838,0.99990838,0.99990838,0.99990838
2024-09-03,0.99995634,0.99995634,0.99995634,0.99995634
2024-09-04,0.99978362,0.99978362,0.99978362,0.99978362
2024-09-05,0.99986236,0.99986236,0.99986236,0.99986236
2024-09-06,0.99974568,0.99974568,0.99974568,0.99974568
2024-09-07,0.99979128,0.99979128,0.99979128,0.99979128
2024-09-08,0.99986627,0.99986627,0.99986627,0.99986627
2024-09-09,0.99984372,0.99984372,0.99984372,0.99984372
2024-09-10,0.99999298,0.99999298,0.99999298,0.99999298
2024-09-11,0.99991454,0.99991454,0.99991454,0.99991454
2024-09-12,0.99989189,0.99989189,0.99989189,0.99989189
2024-09-13,0.99993427,0.99993427,0.99993427,0.99993427
2024-09-14,1.00032,1.00032,1.00032,1.00032
2024-09-15,1.00011409,1.00011409,1.00011409,1.00011409
2024-09-16,0.99984927,0.99984927,0.99984927,0.99984927
2024-09-17,0.99988748,0.99988748,0.99988748,0.99988748
2024-09-18,1.00001729,1.00001729,1.00001729,1.00001729
2024-09-19,1.0001,1.0001,1.0001,1.0001
2024-09-20,0.99999,0.99999,0.99999,0.99999
2024-09-21,1.00006641,1.00006641,1.00006641,1.00006641
2024-09-22,1.00019096,1.00019096,1.00019096,1.00019096
2024-09-23,0.99996,0.99996,0.99996,0.99996
2024-09-24,0.99993615,0.99993615,0.99993615,0.99993615
2024-09-25,0.99994,0.99994,0.99994,0.99994
2024-09-26,0.99980003,0.99980003,0.99980003,0.99980003
2024-09-27,1.0002814,1.0002814,1.0002814,1.0002814
2024-09-28,1.00019955,1.00019955,1.00019955,1.00019955
2024-09-29,1.00004357,1.00004357,1.00004357,1.00004357
2024-09-30,1.00001,1.00001,1.00001,1.00001
2024-10-01,0.99986,0.99986,0.99986,0.99986
2024-10-02,0.99980187,0.99980187,0.99980187,0.99980187
2024-10-03,0.99989816,0.99989816,0.99989816,0.99989816
2024-10-04,0.99985192,0.99985192,0.99985192,0.99985192
2024-10-05,0.9999507,0.9999507,0.9999507,0.9999507
2024-10-06,1.0,1.0,1.0,1.0
2024-10-07,0.99986458,0.99986458,0.99986458,0.99986458
2024-10-08,0.99967684,0.99967684,0.99967684,0.99967684
2024-10-09,0.99940971,0.99940971,0.99940971,0.99940971
2024-10-10,0.99889021,0.99889021,0.99889021,0.99889021
2024-10-11,0.99930048,0.99930048,0.99930048,0.99930048
2024-10-12,0.99960769,0.99960769,0.99960769,0.99960769
2024-10-13,0.99961408,0.99961408,0.99961408,0.99961408
2024-10-14,0.99928,0.99928,0.99928,0.99928
2024-10-15,0.99938,0.99938,0.99938,0.99938
2024-10-16,0.99976949,0.99976949,0.99976949,0.99976949
2024-10-17,0.99958986,0.99958986,0.99958986,0.99958986
2024-10-18,0.99958066,0.99958066,0.99958066,0.99958066
2024-10-19,0.99987,0.99987,0.99987,0.99987
2024-10-20,0.99981,0.99981,0.99981,0.99981
2024-10-21,0.99944,0.99944,0.99944,0.99944
2024-10-22,0.99931,0.99931,0.99931,0.99931
2024-10-23,0.99918,0.99918,0.99918,0.99918
2024-10-24,0.9989,0.9989,0.9989,0.9989
2024-10-25,0.99927089,0.99813437,0.99927089,0.997086
2024-10-26,0.99862,0.99862,0.99862,0.99862
2024-10-27,0.99863,0.99863,0.99863,0.99863
2024-10-28,0.99953006,0.99953006,0.99953006,0.99953006
2024-10-29,0.99969,0.99969,0.99969,0.99969
2024-10-30,0.9997287,0.9997287,0.9997287,0.9997287
2024-10-31,0.9987289,0.9987289,0.9987289,0.9987289
2024-11-01,0.99974231,0.99974231,0.99974231,0.99974231
2024-11-02,0.99953,0.99953,0.99953,0.99953
2024-11-03,0.9996,0.9996,0.9996,0.9996
2024-11-04,0.99952,0.99952,0.99952,0.99952
2024-11-05,0.9998,0.9998,0.9998,0.9998
2024-11-06,1.00055163,1.00055163,1.00055163,1.00055163
2024-11-07,1.00055,1.00054844,1.00155247,1.00054844
2024-11-08,1.00063224,1.00063224,1.00063224,1.00063224
2024-11-09,1.00031715,1.00031715,1.00031715,1.00031715
2024-11-10,1.00059,1.00059,1.00059,1.00059
2024-11-11,1.00160256,1.00160256,1.00160256,1.00160256
2024-11-12,1.000574,1.000587,1.00159376,1.000574
2024-11-13,1.001588,1.001588,1.001588,1.001588
2024-11-14,1.00057351,1.00057351,1.00057351,1.00057351
2024-11-15,1.0003341,1.0003341,1.0003341,1.0003341
2024-11-16,1.00044,1.00044,1.00044,1.00044
2024-11-17,1.00005,1.00005,1.00005,1.00005
2024-11-18,1.00001,1.0010215,1.0010215,1.00001
2024-11-19,1.00105,1.00105,1.00105,1.00105
2024-11-20,1.0008,1.0008,1.0008,1.0008
2024-11-21,1.001093,1.001093,1.001093,1.001093
2024-11-22,1.00071238,1.00071238,1.00071238,1.00071238
2024-11-23,1.00185,1.00185,1.00185,1.00185
2024-11-24,1.00084399,1.00084399,1.00084399,1.00084399
2024-11-25,1.00058811,0.99957,1.00058811,0.99957
2024-11-26,1.00060458,0.9996005,1.00060458,0.9996005
2024-11-27,1.00064,1.00064,1.00064,1.00064
2024-11-28,1.000206,1.000206,1.000206,1.000206
2024-11-29,1.00121898,1.00121898,1.00121898,1.00121898
2024-11-30,1.00052395,1.00052395,1.00052395,1.00052395
2024-12-01,1.0007,1.0007,1.0007,1.0007
2024-12-02,1.000641,1.000641,1.000641,1.000641
2024-12-03,0.999511,1.00055785,1.00055785,0.999511
2024-12-04,1.00087449,1.001889,1.001889,1.00087449
2024-12-05,1.00052,1.0012016,1.00221,1.00052
2024-12-06,1.00156421,1.00156421,1.00156421,1.00156421
2024-12-07,1.00083041,1.00083041,1.00083041,1.00083041
2024-12-08,1.0005612,1.0005612,1.0005612,1.0005612
2024-12-09,0.99955969,0.99955969,0.99955969,0.99955969
2024-12-10,1.0005962,1.0005962,1.0005962,1.0005962
2024-12-11,1.000551,1.000551,1.000551,1.000551
2024-12-12,1.00062,1.00062,1.00062,1.00062
2024-12-13,1.00030999,1.00030999,1.00030999,1.00030999
2024-12-14,1.00005669,1.00005669,1.00005669,1.00005669
2024-12-15,0.9996965,0.9996965,0.9996965,0.9996965
2024-12-16,0.99958815,0.99958815,0.99958815,0.99958815
2024-12-17,1.00015991,1.00015991,1.00015991,1.00015991
2024-12-18,0.99998688,0.99897861,0.99998688,0.99897861
2024-12-19,0.99794999,0.99896544,0.99896544,0.99794999
2024-12-20,0.999685,0.999685,0.999685,0.999685
2024-12-21,0.99960266,0.99960266,0.99960266,0.99960266
2024-12-22,0.9992,0.9992,0.9992,0.9992
2024-12-23,0.998473,0.998473,0.998473,0.998473
2024-12-24,0.99947707,0.99947707,0.99947707,0.99947707
2024-12-25,0.99904561,0.99904561,0.99904561,0.99904561
2024-12-26,0.99913999,0.99913999,0.99913999,0.99913999
2024-12-27,0.99809791,0.99809791,0.99809791,0.99809791
2024-12-28,0.99820488,0.99820488,0.99820488,0.99820488
2024-12-29,0.99821,0.99821,0.99821,0.99821
2024-12-30,0.99720963,0.99824,0.99824,0.99720963
2024-12-31,0.99826,0.99826,0.99826,0.99826
2025-01-01,0.99787,0.99787,0.99787,0.99787
2025-01-02,0.99887,0.99887,0.99887,0.99887
2025-01-03,0.99924856,0.99924856,0.99924856,0.99924856
2025-01-04,0.99964042,0.99964042,0.99964042,0.99964042
2025-01-05,0.99964615,0.99964615,0.99964615,0.99964615
2025-01-06,0.99962915,1.000637,1.000637,0.99962915
2025-01-07,0.99957,0.99957,0.99957,0.99957
2025-01-08,0.99983055,0.99983055,0.99983055,0.99983055
2025-01-09,0.99943925,0.99943925,0.99943925,0.99943925
2025-01-10,0.99976,0.99976,0.99976,0.99976
2025-01-11,0.9995637,0.9995637,0.9995637,0.9995637
2025-01-12,0.99934631,0.99934631,0.99934631,0.99934631
2025-01-13,0.99955982,0.99955982,0.99955982,0.99955982
2025-01-14,0.99969469,0.99969469,0.99969469,0.99969469
2025-01-15,0.99994,0.99994,0.99994,0.99994
2025-01-16,0.999592,0.999592,0.999592,0.999592
2025-01-17,1.00024,1.00024,1.00024,1.00024
2025-01-18,0.999321,0.999321,0.999321,0.999321
2025-01-19,0.99832,0.99832,0.99832,0.99832
2025-01-20,0.99857,0.99857,0.99857,0.99857
2025-01-21,0.998787,0.999859,0.999859,0.998787
2025-01-22,0.99993563,0.99993563,0.99993563,0.99993563
2025-01-23,1.00021556,1.00021556,1.00021556,1.00021556
2025-01-24,1.0002974,1.0002974,1.0002974,1.0002974
2025-01-25,0.9998364,0.9998364,0.9998364,0.9998364
2025-01-26,0.99980148,0.99980148,0.99980148,0.99980148
2025-01-27,0.99968,0.99968,0.99968,0.99968
2025-01-28,0.99994552,0.99994552,0.99994552,0.99994552
2025-01-29,0.99986,0.99986,0.99986,0.99986
2025-01-30,1.0,1.0,1.0,1.0
2025-01-31,1.00004742,1.00004742,1.00004742,1.00004742
2025-02-01,0.99982,0.99982,0.99982,0.99982
2025-02-02,0.99942839,0.99942839,0.99942839,0.99942839
2025-02-03,1.0004849,1.00150659,1.00150659,1.0004849
2025-02-04,1.00068,1.00068,1.00068,1.00068
2025-02-05,1.0003,1.0003,1.0003,1.0003
2025-02-06,1.00010001,1.00010001,1.00010001,1.00010001
2025-02-07,1.000383,1.000383,1.000383,1.000383
2025-02-08,0.99988184,0.99988184,0.99988184,0.99988184
2025-02-09,1.00020004,1.00020004,1.00020004,1.00020004
2025-02-10,1.00026285,1.00026285,1.00026285,1.00026285
2025-02-11,1.000015,1.000015,1.000015,1.000015
2025-02-12,0.9999,0.9999,0.9999,0.9999
2025-02-13,1.00010213,1.00010213,1.00010213,1.00010213
2025-02-14,1.00018958,1.00018958,1.00018958,1.00018958
2025-02-15,1.0001095,1.0001095,1.0001095,1.0001095
2025-02-16,1.00008565,1.00008565,1.00008565,1.00008565
2025-02-17,1.0000436,1.0000436,1.0000436,1.0000436
2025-02-18,0.9997,0.9997,0.9997,0.9997
2025-02-19,0.99984878,0.99984878,0.99984878,0.99984878
2025-02-20,1.00010082,1.00010082,1.00010082,1.00010082
2025-02-21,1.00017,0.99914432,1.00017,0.99914432
2025-02-22,0.99998851,0.99998851,0.99998851,0.99998851
2025-02-23,1.0000843,1.0000843,1.0000843,1.0000843
2025-02-24,0.9997,0.9997,0.9997,0.9997
2025-02-25,0.99868,0.99868,0.99868,0.99868
2025-02-26,0.99886,0.99886,0.99886,0.99886
2025-02-27,0.99906,0.99906,0.99906,0.99906
2025-02-28,0.99974055,0.99974055,0.99974055,0.99974055
2025-03-01,0.99947,0.99947,0.99947,0.99947
2025-03-02,0.99958,1.00068637,1.00068637,0.99958
2025-03-03,0.99968,0.99968,0.99968,0.99968
2025-03-04,0.99929269,0.99929269,0.99929269,0.99929269
2025-03-05,0.999754,0.999754,0.999754,0.999754
2025-03-06,0.99999651,0.99999651,0.99999651,0.99999651
2025-03-07,1.00003402,1.00003402,1.00003402,1.00003402
2025-03-08,0.99955,0.99955,0.99955,0.99955
2025-03-09,0.99971,0.99971,0.99971,0.99971
2025-03-10,0.99981778,0.99981778,0.99981778,0.99981778
2025-03-11,0.999466,0.999466,0.999466,0.999466
2025-03-12,0.9997684,0.9997684,0.9997684,0.9997684
2025-03-13,0.9996763,0.9996763,0.9996763,0.9996763
2025-03-14,0.99971481,0.99971481,0.99971481,0.99971481
2025-03-15,1.0001749,1.0001749,1.0001749,1.0001749
2025-03-16,1.00003554,1.00003554,1.00003554,1.00003554
2025-03-17,0.99988,0.99988,0.99988,0.99988
2025-03-18,0.9999,0.9999,0.9999,0.9999
2025-03-19,0.99988,0.99988,0.99988,0.99988
2025-03-20,1.00021,1.00021,1.00021,1.00021
2025-03-21,0.999438,0.999438,0.999438,0.999438
2025-03-22,0.99968387,0.99968387,0.99968387,0.99968387
2025-03-23,0.99987493,0.99987493,0.99987493,0.99987493
2025-03-24,0.99993521,0.99993521,0.99993521,0.99993521
2025-03-25,1.000169,1.000169,1.000169,1.000169
2025-03-26,1.00020004,1.00020004,1.00020004,1.00020004
2025-03-27,1.00008203,1.00008203,1.00008203,1.00008203
2025-03-28,0.99975312,0.99975312,0.99975312,0.99975312
2025-03-29,0.99956802,0.99956802,0.99956802,0.99956802
2025-03-30,0.99971,0.99971,0.99971,0.99971
2025-03-31,0.99995,0.99995,0.99995,0.99995
2025-04-01,0.9997696,0.9997696,0.9997696,0.9997696
2025-04-02,0.99997828,0.99997828,0.99997828,0.99997828
2025-04-03,0.99984959,0.99984959,0.99984959,0.99984959
2025-04-04,0.99963,0.99963,0.99963,0.99963
2025-04-05,0.9996237,0.9996237,0.9996237,0.9996237
2025-04-06,0.99962,0.99962,0.99962,0.99962
2025-04-07,0.99944,0.99944,0.99944,0.99944
2025-04-08,0.99962406,0.99962406,0.99962406,0.99962406
2025-04-09,0.99913,0.99913,0.99913,0.99913
2025-04-10,0.99961473,0.99961473,0.99961473,0.99961473
2025-04-11,0.99929,0.99929,0.99929,0.99929
2025-04-12,0.99956,0.99956,0.99956,0.99956
2025-04-13,0.99981,0.99981,0.99981,0.99981
2025-04-14,0.9996766,0.9996766,0.9996766,0.9996766
2025-04-15,0.9998864,0.9998864,0.9998864,0.9998864
2025-04-16,0.99988745,0.99988745,0.99988745,0.99988745
2025-04-17,0.9999984,0.9999984,0.9999984,0.9999984
2025-04-18,0.99998498,0.99998498,0.99998498,0.99998498
2025-04-19,0.99984311,0.99984311,0.99984311,0.99984311
2025-04-20,0.99992,0.99992,0.99992,0.99992
2025-04-21,0.99996511,0.99996511,0.99996511,0.99996511
2025-04-22,0.99996,0.99996,0.99996,0.99996
2025-04-23,1.000246,1.000246,1.000246,1.000246
2025-04-24,1.00024088,1.00024088,1.00024088,1.00024088
2025-04-25,1.0003,1.0003,1.0003,1.0003
2025-04-26,1.0005,1.0005,1.0005,1.0005
2025-04-27,1.00041938,1.00041938,1.00041938,1.00041938
2025-04-28,1.00040016,1.00040016,1.00040016,1.00040016
2025-04-29,1.00020944,1.00020944,1.00020944,1.00020944
2025-04-30,1.00021,1.00021,1.00021,1.00021
2025-05-01,1.00009,1.00009,1.00009,1.00009
2025-05-02,1.00020848,1.00020848,1.00020848,1.00020848
2025-05-03,1.00031035,1.00031035,1.00031035,1.00031035
2025-05-04,1.00014872,1.00014872,1.00014872,1.00014872
2025-05-05,1.00003574,1.00003574,1.00003574,1.00003574
2025-05-06,0.99989379,0.99989379,0.99989379,0.99989379
2025-05-07,0.99997943,0.99997943,0.99997943,0.99997943
2025-05-08,1.00010001,1.00010001,1.00010001,1.00010001
2025-05-09,0.99985171,0.99985171,0.99985171,0.99985171
2025-05-10,1.00004165,1.00004165,1.00004165,1.00004165
2025-05-11,1.000029,1.000029,1.000029,1.000029
2025-05-12,1.00003639,1.00003639,1.00003639,1.00003639
2025-05-13,1.00004,1.00004,1.00004,1.00004
2025-05-14,0.99998447,0.99998447,0.99998447,0.99998447
2025-05-15,1.00016354,1.00016354,1.00016354,1.00016354
2025-05-16,1.000112,1.000112,1.000112,1.000112
2025-05-17,1.0002107,1.0002107,1.0002107,1.0002107
2025-05-18,1.00024186,1.00024186,1.00024186,1.00024186
2025-05-19,1.00013608,1.00013608,1.00013608,1.00013608
2025-05-20,1.000166,1.000166,1.000166,1.000166
2025-05-21,1.00025301,1.00025301,1.00025301,1.00025301
2025-05-22,1.00012,1.00012,1.00012,1.00012
2025-05-23,0.99996668,0.99996668,0.99996668,0.99996668
2025-05-24,1.00011904,1.00011904,1.00011904,1.00011904
2025-05-25,1.00027155,1.00027155,1.00027155,1.00027155
2025-05-26,1.00042751,1.00042751,1.00042751,1.00042751
2025-05-27,1.00016563,1.00016563,1.00016563,1.00016563
2025-05-28,1.00042,1.00042,1.00042,1.00042
2025-05-29,1.000267,1.000267,1.000267,1.000267
2025-05-30,0.99999,0.99999,0.99999,0.99999
2025-05-31,1.000356,1.000356,1.000356,1.000356
2025-06-01,1.00042204,1.00042204,1.00042204,1.00042204
2025-06-02,1.0003256,1.0003256,1.0003256,1.0003256
2025-06-03,1.00060264,1.00060264,1.00060264,1.00060264
2025-06-04,1.00068213,1.00068213,1.00068213,1.00068213
2025-06-05,1.00053242,1.00053242,1.00053242,1.00053242
2025-06-06,1.00030935,1.00030935,1.00030935,1.00030935
2025-06-07,1.00071281,1.00071281,1.00071281,1.00071281
2025-06-08,1.00043917,1.00043917,1.00043917,1.00043917
2025-06-09,1.00048,1.00048,1.00048,1.00048
2025-06-10,1.000321,1.000321,1.000321,1.000321
2025-06-11,1.00004359,1.00004359,1.00004359,1.00004359
2025-06-12,1.000146,1.000146,1.000146,1.000146
2025-06-13,1.00059419,1.00059419,1.00059419,1.00059419
2025-06-14,1.00052,1.00052,1.00052,1.00052
2025-06-15,1.00042656,1.00042656,1.00042656,1.00042656
2025-06-16,1.00005872,1.00005872,1.00005872,1.00005872
2025-06-17,1.00016714,1.00016714,1.00016714,1.00016714
2025-06-18,1.000103,1.000103,1.000103,1.000103
2025-06-19,1.00024,1.00024,1.00024,1.00024
2025-06-20,0.99996124,0.99996124,0.99996124,0.99996124
2025-06-21,1.00015845,1.00015845,1.00015845,1.00015845
2025-06-22,1.00025383,1.00025383,1.00025383,1.00025383
2025-06-23,1.000277,1.000277,1.000277,1.000277
2025-06-24,1.000591,1.000591,1.000591,1.000591
2025-06-25,1.0005,1.0005,1.0005,1.0005
2025-06-26,1.00050652,1.00050652,1.00050652,1.00050652
2025-06-27,1.00027129,1.00027129,1.00027129,1.00027129
2025-06-28,1.00040036,1.00040036,1.00040036,1.00040036
2025-06-29,1.00031,1.00031,1.00031,1.00031
2025-06-30,1.00026,1.00026,1.00026,1.00026
2025-07-01,1.00025464,1.00025464,1.00025464,1.00025464
2025-07-02,1.00006346,1.00006346,1.00006346,1.00006346
2025-07-03,1.0002906,1.0002906,1.0002906,1.0002906
2025-07-04,1.00029979,1.00029979,1.00029979,1.00029979
2025-07-05,1.00028718,1.00028718,1.00028718,1.00028718
2025-07-06,1.00020004,1.00020004,1.00020004,1.00020004
2025-07-07,1.00010989,1.00010989,1.00010989,1.00010989
2025-07-08,0.99999789,0.99999789,0.99999789,0.99999789
2025-07-09,1.00015229,1.00015229,1.00015229,1.00015229
2025-07-10,1.0003856,1.0003856,1.0003856,1.0003856
2025-07-11,1.00016308,1.00016308,1.00016308,1.00016308
2025-07-12,1.00045323,1.00045323,1.00045323,1.00045323
2025-07-13,1.00033192,1.00033192,1.00033192,1.00033192
2025-07-14,1.0002189,1.0002189,1.0002189,1.0002189
2025-07-15,1.00014,1.00014,1.00014,1.00014
2025-07-16,1.00004715,1.00004715,1.00004715,1.00004715
2025-07-17,1.00032375,1.00032375,1.00032375,1.00032375
2025-07-18,1.00074614,1.00074614,1.00074614,1.00074614
2025-07-19,1.00070049,1.00070049,1.00070049,1.00070049
2025-07-20,1.00045,1.00045,1.00045,1.00045
2025-07-21,1.00046,1.00046,1.00046,1.00046
2025-07-22,1.0004476,1.0004476,1.0004476,1.0004476
2025-07-23,1.00036607,1.00036607,1.00036607,1.00036607
2025-07-24,1.000434,1.000434,1.000434,1.000434
2025-07-25,1.00025,1.00025,1.00025,1.00025
2025-07-26,1.00009551,1.00009551,1.00009551,1.00009551
2025-07-27,1.00029852,1.00029852,1.00029852,1.00029852
2025-07-28,1.0001884,1.0001884,1.0001884,1.0001884
2025-07-29,0.9999426,0.9999426,0.9999426,0.9999426
2025-07-30,0.99980128,0.99980128,0.99980128,0.99980128
2025-07-31,0.99983333,0.99983333,0.99983333,0.99983333
2025-08-01,0.9999,0.9999,0.9999,0.9999
2025-08-02,0.99967837,0.99967837,0.99967837,0.99967837
2025-08-03,0.99976165,0.99976165,0.99976165,0.99976165
2025-08-04,1.00006525,1.00006525,1.00006525,1.00006525
2025-08-05,0.99986677,0.99986677,0.99986677,0.99986677
2025-08-06,0.99987773,0.99987773,0.99987773,0.99987773
2025-08-07,1.0001132,1.0001132,1.0001132,1.0001132
2025-08-08,1.00014,1.00014,1.00014,1.00014
2025-08-09,1.00011727,1.00011727,1.00011727,1.00011727
2025-08-10,1.000056,1.000056,1.000056,1.000056
2025-08-11,1.00009129,1.00009129,1.00009129,1.00009129
2025-08-12,0.99998372,0.99998372,0.99998372,0.99998372
2025-08-13,0.99983775,0.99983775,0.99983775,0.99983775
2025-08-14,1.00040016,1.00040016,1.00040016,1.00040016
2025-08-15,1.00085098,1.00085098,1.00085098,1.00085098
2025-08-16,1.00079404,1.00079404,1.00079404,1.00079404
2025-08-17,1.00069786,1.00069786,1.00069786,1.00069786
2025-08-18,1.00057932,1.00057932,1.00057932,1.00057932
2025-08-19,1.00037697,1.00037697,1.00037697,1.00037697
2025-08-20,0.99987103,0.99987103,0.99987103,0.99987103
2025-08-21,0.99998563,0.99998563,0.99998563,0.99998563
2025-08-22,0.99969,0.99969,0.99969,0.99969
2025-08-23,0.99959,0.99959,0.99959,0.99959
2025-08-24,0.99954809,0.99954809,0.99954809,0.99954809
2025-08-25,0.99978817,0.99978817,0.99978817,0.99978817
2025-08-26,1.00015442,1.00015442,1.00015442,1.00015442
2025-08-27,1.00010219,1.00010219,1.00010219,1.00010219
2025-08-28,0.99997768,0.99997768,0.99997768,0.99997768
2025-08-29,1.00006025,1.00006025,1.00006025,1.00006025
2025-08-30,1.0000695,1.0000695,1.0000695,1.0000695
2025-08-31,1.0000357,1.0000357,1.0000357,1.0000357
2025-09-01,1.00010871,1.00010871,1.00010871,1.00010871
2025-09-02,0.99999071,0.99999071,0.99999071,0.99999071
2025-09-03,1.0,1.0,1.0,1.0
2025-09-04,1.00035167,1.00035167,1.00035167,1.00035167
2025-09-05,1.00009,1.00009,1.00009,1.00009
2025-09-06,0.99995,0.99995,0.99995,0.99995
2025-09-07,1.00012661,1.00012661,1.00012661,1.00012661
2025-09-08,0.99994776,0.99994776,0.99994776,0.99994776
2025-09-09,1.00005,1.00005,1.00005,1.00005
2025-09-10,0.99994363,0.99994363,0.99994363,0.99994363
2025-09-11,1.00018074,1.00018074,1.00018074,1.00018074
2025-09-12,1.00033728,1.00033728,1.00033728,1.00033728
2025-09-13,1.00046924,1.00046924,1.00046924,1.00046924
2025-09-14,1.00053317,1.00053317,1.00053317,1.00053317
2025-09-15,1.00038409,1.00038409,1.00038409,1.00038409
