,roundId,price,startedAt,updatedAt,roundId2,datasource
0,18446744073709553550,99865244,1682052397,1682052397,18446744073709553550,ARBITRUM
1,18446744073709553551,100172377,1682061103,1682061103,18446744073709553551,ARBITRUM
2,18446744073709553552,99869272,1682066267,1682066267,18446744073709553552,ARBITRUM
3,18446744073709553553,99935166,1682152696,1682152696,18446744073709553553,ARBITRUM
4,18446744073709553554,100254444,1682179084,1682179084,18446744073709553554,ARBITRUM
5,18446744073709553555,99946203,1682187700,1682187700,18446744073709553555,ARBITRUM
6,18446744073709553556,99814883,1682274129,1682274129,18446744073709553556,ARBITRUM
7,18446744073709553557,100117584,1682277222,1682277222,18446744073709553557,ARBITRUM
8,18446744073709553558,99804479,1682288178,1682288178,18446744073709553558,ARBITRUM
9,18446744073709553559,100245235,1682289889,1682289889,18446744073709553559,ARBITRUM
10,18446744073709553560,99943809,1682294272,1682294272,18446744073709553560,ARBITRUM
11,18446744073709553561,100399420,1682298625,1682298625,18446744073709553561,ARBITRUM
12,18446744073709553562,100021608,1682298775,1682298775,18446744073709553562,ARBITRUM
13,18446744073709553563,99712259,1682300306,1682300306,18446744073709553563,ARBITRUM
14,18446744073709553564,100013115,1682301116,1682301116,18446744073709553564,ARBITRUM
15,18446744073709553565,99700951,1682306370,1682306370,18446744073709553565,ARBITRUM
16,18446744073709553566,100000438,1682308473,1682308473,18446744073709553566,ARBITRUM
17,18446744073709553567,99693066,1682319729,1682319729,18446744073709553567,ARBITRUM
18,18446744073709553568,99997001,1682320241,1682320241,18446744073709553568,ARBITRUM
19,18446744073709553569,100020049,1682406668,1682406668,18446744073709553569,ARBITRUM
20,18446744073709553570,99945260,1682493097,1682493097,18446744073709553570,ARBITRUM
21,18446744073709553571,99526702,1682538548,1682538548,18446744073709553571,ARBITRUM
22,18446744073709553572,99950220,1682538787,1682538787,18446744073709553572,ARBITRUM
23,18446744073709553573,99615784,1682539117,1682539117,18446744073709553573,ARBITRUM
24,18446744073709553574,99951393,1682539359,1682539359,18446744073709553574,ARBITRUM
25,18446744073709553575,100355804,1682539748,1682539748,18446744073709553575,ARBITRUM
26,18446744073709553576,99986848,1682539778,1682539778,18446744073709553576,ARBITRUM
27,18446744073709553577,99940127,1682626179,1682626179,18446744073709553577,ARBITRUM
28,18446744073709553578,99947924,1682712583,1682712583,18446744073709553578,ARBITRUM
29,18446744073709553579,100092673,1682799010,1682799010,18446744073709553579,ARBITRUM
30,18446744073709553580,99714625,1682885439,1682885439,18446744073709553580,ARBITRUM
31,18446744073709553581,100018568,1682895286,1682895286,18446744073709553581,ARBITRUM
32,18446744073709553582,99718111,1682955297,1682955297,18446744073709553582,ARBITRUM
33,18446744073709553583,100017735,1682959920,1682959920,18446744073709553583,ARBITRUM
34,18446744073709553584,100329550,1682987840,1682987840,18446744073709553584,ARBITRUM
35,18446744073709553585,100017853,1682989731,1682989731,18446744073709553585,ARBITRUM
36,18446744073709553586,100324413,1682998947,1682998947,18446744073709553586,ARBITRUM
37,18446744073709553587,99936204,1683001829,1683001829,18446744073709553587,ARBITRUM
38,18446744073709553588,100253450,1683002189,1683002189,18446744073709553588,ARBITRUM
39,18446744073709553589,99949252,1683003149,1683003149,18446744073709553589,ARBITRUM
40,18446744073709553590,100297376,1683007682,1683007682,18446744073709553590,ARBITRUM
41,18446744073709553591,99985476,1683010234,1683010234,18446744073709553591,ARBITRUM
42,18446744073709553592,100292472,1683015608,1683015608,18446744073709553592,ARBITRUM
43,18446744073709553593,99990375,1683018099,1683018099,18446744073709553593,ARBITRUM
44,18446744073709553594,99970514,1683104516,1683104516,18446744073709553594,ARBITRUM
45,18446744073709553595,100290724,1683141111,1683141111,18446744073709553595,ARBITRUM
46,18446744073709553596,99988110,1683142191,1683142191,18446744073709553596,ARBITRUM
47,18446744073709553597,99656215,1683159242,1683159242,18446744073709553597,ARBITRUM
48,18446744073709553598,100008551,1683165968,1683165968,18446744073709553598,ARBITRUM
49,18446744073709553599,99679557,1683207725,1683207725,18446744073709553599,ARBITRUM
50,18446744073709553600,99997236,1683209226,1683209226,18446744073709553600,ARBITRUM
51,18446744073709553601,100311417,1683295596,1683295596,18446744073709553601,ARBITRUM
52,18446744073709553602,99946202,1683301752,1683301752,18446744073709553602,ARBITRUM
53,18446744073709553603,100253767,1683301932,1683301932,18446744073709553603,ARBITRUM
54,18446744073709553604,99931467,1683312621,1683312621,18446744073709553604,ARBITRUM
55,18446744073709553605,100264746,1683324237,1683324237,18446744073709553605,ARBITRUM
56,18446744073709553606,99959979,1683331231,1683331231,18446744073709553606,ARBITRUM
57,18446744073709553607,100139726,1683417660,1683417660,18446744073709553607,ARBITRUM
58,18446744073709553608,100200283,1683504088,1683504088,18446744073709553608,ARBITRUM
59,18446744073709553609,99813484,1683505499,1683505499,18446744073709553609,ARBITRUM
60,18446744073709553610,100266773,1683511383,1683511383,18446744073709553610,ARBITRUM
61,18446744073709553611,99965766,1683511533,1683511533,18446744073709553611,ARBITRUM
62,18446744073709553612,99618832,1683569556,1683569556,18446744073709553612,ARBITRUM
63,18446744073709553613,99926713,1683570906,1683570906,18446744073709553613,ARBITRUM
64,18446744073709553614,99907675,1683657322,1683657322,18446744073709553614,ARBITRUM
65,18446744073709553615,99577632,1683739760,1683739760,18446744073709553615,ARBITRUM
66,18446744073709553616,99877896,1683740929,1683740929,18446744073709553616,ARBITRUM
67,18446744073709553617,100188966,1683754048,1683754048,18446744073709553617,ARBITRUM
68,18446744073709553618,99879161,1683755939,1683755939,18446744073709553618,ARBITRUM
69,18446744073709553619,99938609,1683842374,1683842374,18446744073709553619,ARBITRUM
70,18446744073709553620,99931895,1683928785,1683928785,18446744073709553620,ARBITRUM
71,18446744073709553621,99903268,1684015214,1684015214,18446744073709553621,ARBITRUM
72,18446744073709553622,99916633,1684101643,1684101643,18446744073709553622,ARBITRUM
73,18446744073709553623,99935620,1684188070,1684188070,18446744073709553623,ARBITRUM
74,18446744073709553624,99919651,1684274485,1684274485,18446744073709553624,ARBITRUM
75,18446744073709553625,99923906,1684360894,1684360894,18446744073709553625,ARBITRUM
76,18446744073709553626,99943024,1684447298,1684447298,18446744073709553626,ARBITRUM
77,18446744073709553627,99938111,1684533728,1684533728,18446744073709553627,ARBITRUM
78,18446744073709553628,99928706,1684620155,1684620155,18446744073709553628,ARBITRUM
79,18446744073709553629,99893695,1684706582,1684706582,18446744073709553629,ARBITRUM
80,18446744073709553630,99920313,1684792998,1684792998,18446744073709553630,ARBITRUM
81,18446744073709553631,100250317,1684813322,1684813322,18446744073709553631,ARBITRUM
82,18446744073709553632,99945724,1684814073,1684814073,18446744073709553632,ARBITRUM
83,18446744073709553633,99934878,1684900482,1684900482,18446744073709553633,ARBITRUM
84,18446744073709553634,99908365,1684986884,1684986884,18446744073709553634,ARBITRUM
85,18446744073709553635,99920483,1685073284,1685073284,18446744073709553635,ARBITRUM
86,18446744073709553636,99933397,1685159684,1685159684,18446744073709553636,ARBITRUM
87,18446744073709553637,99982759,1685246113,1685246113,18446744073709553637,ARBITRUM
88,18446744073709553638,99942549,1685332542,1685332542,18446744073709553638,ARBITRUM
89,18446744073709553639,99987329,1685418970,1685418970,18446744073709553639,ARBITRUM
90,18446744073709553640,99939513,1685505399,1685505399,18446744073709553640,ARBITRUM
91,18446744073709553641,99917647,1685591799,1685591799,18446744073709553641,ARBITRUM
92,18446744073709553642,100027804,1685678228,1685678228,18446744073709553642,ARBITRUM
93,18446744073709553643,99921654,1685764628,1685764628,18446744073709553643,ARBITRUM
94,18446744073709553644,99906075,1685851045,1685851045,18446744073709553644,ARBITRUM
95,18446744073709553645,99862829,1685937463,1685937463,18446744073709553645,ARBITRUM
96,18446744073709553646,99912893,1686023866,1686023866,18446744073709553646,ARBITRUM
97,18446744073709553647,99955847,1686110293,1686110293,18446744073709553647,ARBITRUM
98,18446744073709553648,99641423,1686149770,1686149770,18446744073709553648,ARBITRUM
99,18446744073709553649,99940626,1686153853,1686153853,18446744073709553649,ARBITRUM
100,18446744073709553650,99934990,1686240282,1686240282,18446744073709553650,ARBITRUM
101,18446744073709553651,99913637,1686326712,1686326712,18446744073709553651,ARBITRUM
102,18446744073709553652,99959793,1686413113,1686413113,18446744073709553652,ARBITRUM
103,18446744073709553653,99896042,1686499541,1686499541,18446744073709553653,ARBITRUM
104,18446744073709553654,99872760,1686585971,1686585971,18446744073709553654,ARBITRUM
105,18446744073709553655,99902763,1686672392,1686672392,18446744073709553655,ARBITRUM
106,18446744073709553656,99901637,1686758821,1686758821,18446744073709553656,ARBITRUM
107,18446744073709553657,99599830,1686775933,1686775933,18446744073709553657,ARBITRUM
108,18446744073709553658,99902831,1686776084,1686776084,18446744073709553658,ARBITRUM
109,18446744073709553659,99599866,1686776414,1686776414,18446744073709553659,ARBITRUM
110,18446744073709553660,99918903,1686776624,1686776624,18446744073709553660,ARBITRUM
111,18446744073709553661,99959103,1686863027,1686863027,18446744073709553661,ARBITRUM
112,18446744073709553662,99965691,1686949453,1686949453,18446744073709553662,ARBITRUM
113,18446744073709553663,99916516,1687035854,1687035854,18446744073709553663,ARBITRUM
114,18446744073709553664,99954760,1687122258,1687122258,18446744073709553664,ARBITRUM
115,18446744073709553665,99949850,1687208687,1687208687,18446744073709553665,ARBITRUM
116,18446744073709553666,100255238,1687285570,1687285570,18446744073709553666,ARBITRUM
117,18446744073709553667,99948152,1687286080,1687286080,18446744073709553667,ARBITRUM
118,18446744073709553668,100363897,1687365125,1687365125,18446744073709553668,ARBITRUM
119,18446744073709553669,99969495,1687365456,1687365456,18446744073709553669,ARBITRUM
120,18446744073709553670,99914816,1687451884,1687451884,18446744073709553670,ARBITRUM
121,18446744073709553671,99947611,1687538313,1687538313,18446744073709553671,ARBITRUM
122,18446744073709553672,99913768,1687624731,1687624731,18446744073709553672,ARBITRUM
123,18446744073709553673,99969150,1687711160,1687711160,18446744073709553673,ARBITRUM
124,18446744073709553674,99895814,1687797589,1687797589,18446744073709553674,ARBITRUM
125,18446744073709553675,99905829,1687884006,1687884006,18446744073709553675,ARBITRUM
126,18446744073709553676,99933543,1687970435,1687970435,18446744073709553676,ARBITRUM
127,18446744073709553677,99902908,1688056865,1688056865,18446744073709553677,ARBITRUM
128,18446744073709553678,99944085,1688143283,1688143283,18446744073709553678,ARBITRUM
129,18446744073709553679,99891788,1688229683,1688229683,18446744073709553679,ARBITRUM
130,18446744073709553680,99879366,1688316111,1688316111,18446744073709553680,ARBITRUM
131,18446744073709553681,100179892,1688357257,1688357257,18446744073709553681,ARBITRUM
132,18446744073709553682,99871675,1688361507,1688361507,18446744073709553682,ARBITRUM
133,18446744073709553683,99921765,1688447907,1688447907,18446744073709553683,ARBITRUM
134,18446744073709553684,99934065,1688534307,1688534307,18446744073709553684,ARBITRUM
135,18446744073709553685,100266750,1688597711,1688597711,18446744073709553685,ARBITRUM
136,18446744073709553686,99918206,1688601944,1688601944,18446744073709553686,ARBITRUM
137,18446744073709553687,100235645,1688634246,1688634246,18446744073709553687,ARBITRUM
138,18446744073709553688,99925812,1688635417,1688635417,18446744073709553688,ARBITRUM
139,18446744073709553689,99929330,1688721846,1688721846,18446744073709553689,ARBITRUM
140,18446744073709553690,100250000,1688734635,1688734635,18446744073709553690,ARBITRUM
141,18446744073709553691,99935684,1688736376,1688736376,18446744073709553691,ARBITRUM
142,18446744073709553692,99870994,1688822806,1688822806,18446744073709553692,ARBITRUM
143,18446744073709553693,99946369,1688909235,1688909235,18446744073709553693,ARBITRUM
144,18446744073709553694,99921233,1688995635,1688995635,18446744073709553694,ARBITRUM
145,18446744073709553695,99922923,1689082035,1689082035,18446744073709553695,ARBITRUM
146,18446744073709553696,99915251,1689168436,1689168436,18446744073709553696,ARBITRUM
147,18446744073709553697,99948509,1689254858,1689254858,18446744073709553697,ARBITRUM
148,18446744073709553698,100268719,1689262784,1689262784,18446744073709553698,ARBITRUM
149,18446744073709553699,99943323,1689268217,1689268217,18446744073709553699,ARBITRUM
150,18446744073709553700,100302223,1689270258,1689270258,18446744073709553700,ARBITRUM
151,18446744073709553701,99993514,1689272270,1689272270,18446744073709553701,ARBITRUM
152,18446744073709553702,100355763,1689272300,1689272300,18446744073709553702,ARBITRUM
153,18446744073709553703,99989105,1689272360,1689272360,18446744073709553703,ARBITRUM
154,18446744073709553704,100292730,1689272420,1689272420,18446744073709553704,ARBITRUM
155,18446744073709553705,99985626,1689272960,1689272960,18446744073709553705,ARBITRUM
156,18446744073709553706,99911061,1689359366,1689359366,18446744073709553706,ARBITRUM
157,18446744073709553707,99910607,1689445791,1689445791,18446744073709553707,ARBITRUM
158,18446744073709553708,99879375,1689532220,1689532220,18446744073709553708,ARBITRUM
159,18446744073709553709,99914067,1689618623,1689618623,18446744073709553709,ARBITRUM
160,18446744073709553710,99922735,1689705050,1689705050,18446744073709553710,ARBITRUM
161,18446744073709553711,99944833,1689791451,1689791451,18446744073709553711,ARBITRUM
162,18446744073709553712,99869182,1689877855,1689877855,18446744073709553712,ARBITRUM
163,18446744073709553713,99962289,1689964279,1689964279,18446744073709553713,ARBITRUM
164,18446744073709553714,99845264,1690050681,1690050681,18446744073709553714,ARBITRUM
165,18446744073709553715,99953847,1690137099,1690137099,18446744073709553715,ARBITRUM
166,18446744073709553716,99454676,1690193116,1690193116,18446744073709553716,ARBITRUM
167,18446744073709553717,99804746,1690193507,1690193507,18446744073709553717,ARBITRUM
168,18446744073709553718,99899350,1690279908,1690279908,18446744073709553718,ARBITRUM
169,18446744073709553719,99858126,1690366327,1690366327,18446744073709553719,ARBITRUM
170,18446744073709553720,99891294,1690452730,1690452730,18446744073709553720,ARBITRUM
171,18446744073709553721,99900002,1690539192,1690539192,18446744073709553721,ARBITRUM
172,18446744073709553722,99852825,1690625606,1690625606,18446744073709553722,ARBITRUM
173,18446744073709553723,99853344,1690712006,1690712006,18446744073709553723,ARBITRUM
174,18446744073709553724,99851714,1690798409,1690798409,18446744073709553724,ARBITRUM
175,18446744073709553725,99857635,1690884839,1690884839,18446744073709553725,ARBITRUM
176,18446744073709553726,99751510,1690971240,1690971240,18446744073709553726,ARBITRUM
177,18446744073709553727,99849690,1691057657,1691057657,18446744073709553727,ARBITRUM
178,18446744073709553728,99871109,1691144057,1691144057,18446744073709553728,ARBITRUM
179,18446744073709553729,99872121,1691230457,1691230457,18446744073709553729,ARBITRUM
180,18446744073709553730,99824432,1691316874,1691316874,18446744073709553730,ARBITRUM
181,18446744073709553731,99851263,1691403302,1691403302,18446744073709553731,ARBITRUM
182,18446744073709553732,99855167,1691489702,1691489702,18446744073709553732,ARBITRUM
183,18446744073709553733,99869930,1691576103,1691576103,18446744073709553733,ARBITRUM
184,18446744073709553734,99821566,1691662533,1691662533,18446744073709553734,ARBITRUM
185,18446744073709553735,99861889,1691748962,1691748962,18446744073709553735,ARBITRUM
186,18446744073709553736,99832637,1691835370,1691835370,18446744073709553736,ARBITRUM
187,18446744073709553737,99871785,1691921794,1691921794,18446744073709553737,ARBITRUM
188,18446744073709553738,99839499,1692008222,1692008222,18446744073709553738,ARBITRUM
189,18446744073709553739,99790564,1692094651,1692094651,18446744073709553739,ARBITRUM
190,18446744073709553740,99456220,1692126893,1692126893,18446744073709553740,ARBITRUM
191,18446744073709553741,99775899,1692126983,1692126983,18446744073709553741,ARBITRUM
192,18446744073709553742,99774574,1692213383,1692213383,18446744073709553742,ARBITRUM
193,18446744073709553743,99811348,1692299812,1692299812,18446744073709553743,ARBITRUM
194,18446744073709553744,99392872,1692308819,1692308819,18446744073709553744,ARBITRUM
195,18446744073709553745,97888956,1692308879,1692308879,18446744073709553745,ARBITRUM
196,18446744073709553746,98861820,1692308911,1692308911,18446744073709553746,ARBITRUM
197,18446744073709553747,99372899,1692308972,1692308972,18446744073709553747,ARBITRUM
198,18446744073709553748,99861541,1692309119,1692309119,18446744073709553748,ARBITRUM
199,18446744073709553749,100208157,1692309599,1692309599,18446744073709553749,ARBITRUM
200,18446744073709553750,99861798,1692309990,1692309990,18446744073709553750,ARBITRUM
201,18446744073709553751,99835449,1692396412,1692396412,18446744073709553751,ARBITRUM
202,18446744073709553752,99821650,1692482840,1692482840,18446744073709553752,ARBITRUM
203,18446744073709553753,99860594,1692569270,1692569270,18446744073709553753,ARBITRUM
204,18446744073709553754,99866253,1692655677,1692655677,18446744073709553754,ARBITRUM
205,18446744073709553755,99824325,1692742093,1692742093,18446744073709553755,ARBITRUM
206,18446744073709553756,99851648,1692828508,1692828508,18446744073709553756,ARBITRUM
207,18446744073709553757,99826609,1692914938,1692914938,18446744073709553757,ARBITRUM
208,18446744073709553758,99826174,1693001359,1693001359,18446744073709553758,ARBITRUM
209,18446744073709553759,99819239,1693087788,1693087788,18446744073709553759,ARBITRUM
210,18446744073709553760,99761992,1693174192,1693174192,18446744073709553760,ARBITRUM
211,18446744073709553761,99775253,1693260622,1693260622,18446744073709553761,ARBITRUM
212,18446744073709553762,99867936,1693347022,1693347022,18446744073709553762,ARBITRUM
213,18446744073709553763,99797556,1693433452,1693433452,18446744073709553763,ARBITRUM
214,18446744073709553764,99798550,1693519857,1693519857,18446744073709553764,ARBITRUM
215,18446744073709553765,99801876,1693606258,1693606258,18446744073709553765,ARBITRUM
216,18446744073709553766,99802714,1693692687,1693692687,18446744073709553766,ARBITRUM
217,18446744073709553767,99849913,1693779115,1693779115,18446744073709553767,ARBITRUM
218,18446744073709553768,99799498,1693865533,1693865533,18446744073709553768,ARBITRUM
219,18446744073709553769,99792742,1693951961,1693951961,18446744073709553769,ARBITRUM
220,18446744073709553770,99794902,1694038362,1694038362,18446744073709553770,ARBITRUM
221,18446744073709553771,99830626,1694124789,1694124789,18446744073709553771,ARBITRUM
222,18446744073709553772,99772752,1694211219,1694211219,18446744073709553772,ARBITRUM
223,18446744073709553773,99705966,1694297648,1694297648,18446744073709553773,ARBITRUM
224,18446744073709553774,99780168,1694384076,1694384076,18446744073709553774,ARBITRUM
225,18446744073709553775,99800153,1694470505,1694470505,18446744073709553775,ARBITRUM
226,18446744073709553776,99737775,1694556914,1694556914,18446744073709553776,ARBITRUM
227,18446744073709553777,99783040,1694643343,1694643343,18446744073709553777,ARBITRUM
228,18446744073709553778,99835450,1694729760,1694729760,18446744073709553778,ARBITRUM
229,18446744073709553779,99811265,1694816187,1694816187,18446744073709553779,ARBITRUM
230,18446744073709553780,99790507,1694902617,1694902617,18446744073709553780,ARBITRUM
231,18446744073709553781,99771878,1694989045,1694989045,18446744073709553781,ARBITRUM
232,18446744073709553782,99762504,1695075453,1695075453,18446744073709553782,ARBITRUM
233,18446744073709553783,99766462,1695161855,1695161855,18446744073709553783,ARBITRUM
234,18446744073709553784,99784926,1695248267,1695248267,18446744073709553784,ARBITRUM
235,18446744073709553785,99812300,1695334691,1695334691,18446744073709553785,ARBITRUM
236,18446744073709553786,99799305,1695421114,1695421114,18446744073709553786,ARBITRUM
237,18446744073709553787,99796565,1695507541,1695507541,18446744073709553787,ARBITRUM
238,18446744073709553788,99840202,1695593944,1695593944,18446744073709553788,ARBITRUM
239,18446744073709553789,99789724,1695680371,1695680371,18446744073709553789,ARBITRUM
240,18446744073709553790,99794309,1695766786,1695766786,18446744073709553790,ARBITRUM
241,18446744073709553791,99980392,1695853215,1695853215,18446744073709553791,ARBITRUM
242,18446744073709553792,99885769,1695939618,1695939618,18446744073709553792,ARBITRUM
243,18446744073709553793,99820580,1696026023,1696026023,18446744073709553793,ARBITRUM
244,18446744073709553794,99909343,1696112452,1696112452,18446744073709553794,ARBITRUM
245,18446744073709553795,99971376,1696198866,1696198866,18446744073709553795,ARBITRUM
246,18446744073709553796,99663890,1696256505,1696256505,18446744073709553796,ARBITRUM
247,18446744073709553797,100010000,1696277008,1696277008,18446744073709553797,ARBITRUM
248,18446744073709553798,99786709,1696363437,1696363437,18446744073709553798,ARBITRUM
249,18446744073709553799,99824752,1696449852,1696449852,18446744073709553799,ARBITRUM
250,18446744073709553800,99802351,1696536281,1696536281,18446744073709553800,ARBITRUM
251,18446744073709553801,99856932,1696622709,1696622709,18446744073709553801,ARBITRUM
252,18446744073709553802,99815107,1696709138,1696709138,18446744073709553802,ARBITRUM
253,18446744073709553803,99873414,1696795568,1696795568,18446744073709553803,ARBITRUM
254,18446744073709553804,99775384,1696881983,1696881983,18446744073709553804,ARBITRUM
255,18446744073709553805,99778950,1696968401,1696968401,18446744073709553805,ARBITRUM
256,18446744073709553806,99902635,1697054830,1697054830,18446744073709553806,ARBITRUM
257,18446744073709553807,100002794,1697141246,1697141246,18446744073709553807,ARBITRUM
258,18446744073709553808,99974004,1697227719,1697227719,18446744073709553808,ARBITRUM
259,18446744073709553809,99968943,1697227762,1697227762,18446744073709553809,ARBITRUM
260,18446744073709553810,99974004,1697227840,1697227840,18446744073709553810,ARBITRUM
261,18446744073709553811,100026036,1697314268,1697314268,18446744073709553811,ARBITRUM
262,18446744073709553812,100014596,1697400696,1697400696,18446744073709553812,ARBITRUM
263,18446744073709553813,99712970,1697464730,1697464730,18446744073709553813,ARBITRUM
264,18446744073709553814,100021549,1697464790,1697464790,18446744073709553814,ARBITRUM
265,18446744073709553815,99988245,1697551218,1697551218,18446744073709553815,ARBITRUM
266,18446744073709553816,100020000,1697637707,1697637707,18446744073709553816,ARBITRUM
267,18446744073709553817,99988255,1697724120,1697724120,18446744073709553817,ARBITRUM
268,18446744073709553818,99947571,1697810542,1697810542,18446744073709553818,ARBITRUM
269,18446744073709553819,99987531,1697896948,1697896948,18446744073709553819,ARBITRUM
270,18446744073709553820,99992534,1697983375,1697983375,18446744073709553820,ARBITRUM
271,18446744073709553821,99974318,1698069861,1698069861,18446744073709553821,ARBITRUM
272,18446744073709553822,99972432,1698156279,1698156279,18446744073709553822,ARBITRUM
273,18446744073709553823,99666530,1698162253,1698162253,18446744073709553823,ARBITRUM
274,18446744073709553824,99976782,1698162973,1698162973,18446744073709553824,ARBITRUM
275,18446744073709553825,99942611,1698249402,1698249402,18446744073709553825,ARBITRUM
276,18446744073709553826,99995203,1698335818,1698335818,18446744073709553826,ARBITRUM
277,18446744073709553827,99969897,1698422220,1698422220,18446744073709553827,ARBITRUM
278,18446744073709553828,100073616,1698508623,1698508623,18446744073709553828,ARBITRUM
279,18446744073709553829,100012466,1698595053,1698595053,18446744073709553829,ARBITRUM
280,18446744073709553830,99978358,1698681483,1698681483,18446744073709553830,ARBITRUM
281,18446744073709553831,99949002,1698767913,1698767913,18446744073709553831,ARBITRUM
282,18446744073709553832,99961077,1698854316,1698854316,18446744073709553832,ARBITRUM
283,18446744073709553833,99962310,1698940746,1698940746,18446744073709553833,ARBITRUM
284,18446744073709553834,99999209,1699027175,1699027175,18446744073709553834,ARBITRUM
285,18446744073709553835,99975659,1699113592,1699113592,18446744073709553835,ARBITRUM
286,18446744073709553836,99978843,1699200021,1699200021,18446744073709553836,ARBITRUM
287,18446744073709553837,99876564,1699286448,1699286448,18446744073709553837,ARBITRUM
288,18446744073709553838,99953470,1699372877,1699372877,18446744073709553838,ARBITRUM
289,18446744073709553839,99932492,1699459284,1699459284,18446744073709553839,ARBITRUM
290,18446744073709553840,99977030,1699545689,1699545689,18446744073709553840,ARBITRUM
291,18446744073709553841,99956253,1699632118,1699632118,18446744073709553841,ARBITRUM
292,18446744073709553842,99937762,1699718548,1699718548,18446744073709553842,ARBITRUM
293,18446744073709553843,99940080,1699804975,1699804975,18446744073709553843,ARBITRUM
294,18446744073709553844,99998109,1699891391,1699891391,18446744073709553844,ARBITRUM
295,18446744073709553845,99946142,1699977819,1699977819,18446744073709553845,ARBITRUM
296,18446744073709553846,100047104,1700064248,1700064248,18446744073709553846,ARBITRUM
297,18446744073709553847,100400000,1700072774,1700072774,18446744073709553847,ARBITRUM
298,18446744073709553848,99997234,1700072864,1700072864,18446744073709553848,ARBITRUM
299,18446744073709553849,99937518,1700159293,1700159293,18446744073709553849,ARBITRUM
300,18446744073709553850,99979306,1700245712,1700245712,18446744073709553850,ARBITRUM
301,18446744073709553851,99935083,1700332141,1700332141,18446744073709553851,ARBITRUM
302,18446744073709553852,99929907,1700418570,1700418570,18446744073709553852,ARBITRUM
303,18446744073709553853,99925527,1700504998,1700504998,18446744073709553853,ARBITRUM
304,18446744073709553854,99911618,1700591416,1700591416,18446744073709553854,ARBITRUM
305,18446744073709553855,99957808,1700677819,1700677819,18446744073709553855,ARBITRUM
306,18446744073709553856,99928991,1700764221,1700764221,18446744073709553856,ARBITRUM
307,18446744073709553857,99921843,1700850650,1700850650,18446744073709553857,ARBITRUM
308,18446744073709553858,99907513,1700937079,1700937079,18446744073709553858,ARBITRUM
309,18446744073709553859,99925329,1701023507,1701023507,18446744073709553859,ARBITRUM
310,18446744073709553860,99935561,1701109907,1701109907,18446744073709553860,ARBITRUM
311,18446744073709553861,99936431,1701196334,1701196334,18446744073709553861,ARBITRUM
312,18446744073709553862,99885982,1701282749,1701282749,18446744073709553862,ARBITRUM
313,18446744073709553863,99913854,1701369179,1701369179,18446744073709553863,ARBITRUM
314,18446744073709553864,99916030,1701455608,1701455608,18446744073709553864,ARBITRUM
315,18446744073709553865,99930819,1701542037,1701542037,18446744073709553865,ARBITRUM
316,18446744073709553866,99924899,1701628466,1701628466,18446744073709553866,ARBITRUM
317,18446744073709553867,99950698,1701714867,1701714867,18446744073709553867,ARBITRUM
318,18446744073709553868,99954042,1701801296,1701801296,18446744073709553868,ARBITRUM
319,18446744073709553869,99953949,1701887726,1701887726,18446744073709553869,ARBITRUM
320,18446744073709553870,99938945,1701974143,1701974143,18446744073709553870,ARBITRUM
321,18446744073709553871,99946819,1702060547,1702060547,18446744073709553871,ARBITRUM
322,18446744073709553872,99971229,1702146959,1702146959,18446744073709553872,ARBITRUM
323,18446744073709553873,99977352,1702233387,1702233387,18446744073709553873,ARBITRUM
324,18446744073709553874,99960324,1702319815,1702319815,18446744073709553874,ARBITRUM
325,18446744073709553875,99953255,1702406245,1702406245,18446744073709553875,ARBITRUM
326,18446744073709553876,99939056,1702492674,1702492674,18446744073709553876,ARBITRUM
327,18446744073709553877,99967129,1702579104,1702579104,18446744073709553877,ARBITRUM
328,18446744073709553878,99916755,1702666529,1702666529,18446744073709553878,ARBITRUM
329,18446744073709553879,99928736,1702752935,1702752935,18446744073709553879,ARBITRUM
330,18446744073709553880,99943418,1702839349,1702839349,18446744073709553880,ARBITRUM
331,18446744073709553881,99925099,1702925749,1702925749,18446744073709553881,ARBITRUM
332,18446744073709553882,99949903,1703012167,1703012167,18446744073709553882,ARBITRUM
333,18446744073709553883,99984236,1703098577,1703098577,18446744073709553883,ARBITRUM
334,18446744073709553884,99886872,1703184991,1703184991,18446744073709553884,ARBITRUM
335,18446744073709553885,99923734,1703271405,1703271405,18446744073709553885,ARBITRUM
336,18446744073709553886,99915725,1703357818,1703357818,18446744073709553886,ARBITRUM
337,18446744073709553887,99945577,1703444231,1703444231,18446744073709553887,ARBITRUM
338,18446744073709553888,99879675,1703530645,1703530645,18446744073709553888,ARBITRUM
339,18446744073709553889,99923384,1703617060,1703617060,18446744073709553889,ARBITRUM
340,18446744073709553890,99950004,1703703463,1703703463,18446744073709553890,ARBITRUM
341,18446744073709553891,99867055,1703789878,1703789878,18446744073709553891,ARBITRUM
342,18446744073709553892,99907276,1703876292,1703876292,18446744073709553892,ARBITRUM
343,18446744073709553893,99852662,1703962706,1703962706,18446744073709553893,ARBITRUM
344,18446744073709553894,99946761,1704049120,1704049120,18446744073709553894,ARBITRUM
345,18446744073709553895,100110000,1704135533,1704135533,18446744073709553895,ARBITRUM
346,18446744073709553896,99926247,1704221948,1704221948,18446744073709553896,ARBITRUM
347,18446744073709553897,99802243,1704308363,1704308363,18446744073709553897,ARBITRUM
348,18446744073709553898,99950177,1704394785,1704394785,18446744073709553898,ARBITRUM
349,18446744073709553899,99843427,1704481215,1704481215,18446744073709553899,ARBITRUM
350,18446744073709553900,99815501,1704567627,1704567627,18446744073709553900,ARBITRUM
351,18446744073709553901,99789539,1704654051,1704654051,18446744073709553901,ARBITRUM
352,18446744073709553902,100090000,1704739895,1704739895,18446744073709553902,ARBITRUM
353,18446744073709553903,99752210,1704752373,1704752373,18446744073709553903,ARBITRUM
354,18446744073709553904,100167974,1704838753,1704838753,18446744073709553904,ARBITRUM
355,18446744073709553905,99834211,1704839203,1704839203,18446744073709553905,ARBITRUM
356,18446744073709553906,100190000,1704922045,1704922045,18446744073709553906,ARBITRUM
357,18446744073709553907,99856794,1704922526,1704922526,18446744073709553907,ARBITRUM
358,18446744073709553908,99924186,1705008944,1705008944,18446744073709553908,ARBITRUM
359,18446744073709553909,99771056,1705095360,1705095360,18446744073709553909,ARBITRUM
360,18446744073709553910,100090000,1705099863,1705099863,18446744073709553910,ARBITRUM
361,18446744073709553911,99784753,1705101844,1705101844,18446744073709553911,ARBITRUM
362,18446744073709553912,100085178,1705104665,1705104665,18446744073709553912,ARBITRUM
363,18446744073709553913,99784091,1705105871,1705105871,18446744073709553913,ARBITRUM
364,18446744073709553914,100100000,1705112351,1705112351,18446744073709553914,ARBITRUM
365,18446744073709553915,99797972,1705153469,1705153469,18446744073709553915,ARBITRUM
366,18446744073709553916,99789078,1705239882,1705239882,18446744073709553916,ARBITRUM
367,18446744073709553917,99858289,1705326295,1705326295,18446744073709553917,ARBITRUM
368,18446744073709553918,99930688,1705412710,1705412710,18446744073709553918,ARBITRUM
369,18446744073709553919,99797126,1705499129,1705499129,18446744073709553919,ARBITRUM
370,18446744073709553920,99859397,1705585542,1705585542,18446744073709553920,ARBITRUM
371,18446744073709553921,99854410,1705671971,1705671971,18446744073709553921,ARBITRUM
372,18446744073709553922,99904171,1705758385,1705758385,18446744073709553922,ARBITRUM
373,18446744073709553923,99962152,1705844804,1705844804,18446744073709553923,ARBITRUM
374,18446744073709553924,99796245,1705931215,1705931215,18446744073709553924,ARBITRUM
375,18446744073709553925,100100000,1705955738,1705955738,18446744073709553925,ARBITRUM
376,18446744073709553926,99771336,1705956849,1705956849,18446744073709553926,ARBITRUM
377,18446744073709553927,100076715,1705970295,1705970295,18446744073709553927,ARBITRUM
378,18446744073709553928,99758414,1705972816,1705972816,18446744073709553928,ARBITRUM
379,18446744073709553929,100090000,1706022887,1706022887,18446744073709553929,ARBITRUM
380,18446744073709553930,99739315,1706024713,1706024713,18446744073709553930,ARBITRUM
381,18446744073709553931,100083328,1706029425,1706029425,18446744073709553931,ARBITRUM
382,18446744073709553932,99776722,1706029695,1706029695,18446744073709553932,ARBITRUM
383,18446744073709553933,99876099,1706116099,1706116099,18446744073709553933,ARBITRUM
384,18446744073709553934,99865603,1706202513,1706202513,18446744073709553934,ARBITRUM
385,18446744073709553935,99949180,1706288914,1706288914,18446744073709553935,ARBITRUM
386,18446744073709553936,99840137,1706375331,1706375331,18446744073709553936,ARBITRUM
387,18446744073709553937,99867779,1706461734,1706461734,18446744073709553937,ARBITRUM
388,18446744073709553938,99801287,1706548147,1706548147,18446744073709553938,ARBITRUM
389,18446744073709553939,99983132,1706634548,1706634548,18446744073709553939,ARBITRUM
390,18446744073709553940,99771728,1706720963,1706720963,18446744073709553940,ARBITRUM
391,18446744073709553941,99814269,1706807378,1706807378,18446744073709553941,ARBITRUM
392,18446744073709553942,99747726,1706893791,1706893791,18446744073709553942,ARBITRUM
393,18446744073709553943,99819398,1706980206,1706980206,18446744073709553943,ARBITRUM
394,18446744073709553944,100022634,1707066620,1707066620,18446744073709553944,ARBITRUM
395,18446744073709553945,99767907,1707153033,1707153033,18446744073709553945,ARBITRUM
396,18446744073709553946,100080000,1707226396,1707226396,18446744073709553946,ARBITRUM
397,18446744073709553947,99776670,1707281533,1707281533,18446744073709553947,ARBITRUM
398,18446744073709553948,99830486,1707367935,1707367935,18446744073709553948,ARBITRUM
399,18446744073709553949,99924805,1707454337,1707454337,18446744073709553949,ARBITRUM
400,18446744073709553950,100020000,1707540751,1707540751,18446744073709553950,ARBITRUM
401,18446744073709553951,99945808,1707627166,1707627166,18446744073709553951,ARBITRUM
402,18446744073709553952,99918211,1707713587,1707713587,18446744073709553952,ARBITRUM
403,18446744073709553953,100334125,1707748972,1707748972,18446744073709553953,ARBITRUM
404,18446744073709553954,99983215,1707751611,1707751611,18446744073709553954,ARBITRUM
405,18446744073709553955,100360582,1707753322,1707753322,18446744073709553955,ARBITRUM
406,18446744073709553956,100050000,1707753893,1707753893,18446744073709553956,ARBITRUM
407,18446744073709553957,100388823,1707759806,1707759806,18446744073709553957,ARBITRUM
408,18446744073709553958,100078551,1707760081,1707760081,18446744073709553958,ARBITRUM
409,18446744073709553959,99776256,1707809919,1707809919,18446744073709553959,ARBITRUM
410,18446744073709553960,99904644,1707896335,1707896335,18446744073709553960,ARBITRUM
411,18446744073709553961,99873336,1707982741,1707982741,18446744073709553961,ARBITRUM
412,18446744073709553962,99919952,1708069157,1708069157,18446744073709553962,ARBITRUM
413,18446744073709553963,99834738,1708155586,1708155586,18446744073709553963,ARBITRUM
414,18446744073709553964,100040000,1708242001,1708242001,18446744073709553964,ARBITRUM
415,18446744073709553965,100000000,1708328415,1708328415,18446744073709553965,ARBITRUM
416,18446744073709553966,99919883,1708414843,1708414843,18446744073709553966,ARBITRUM
417,18446744073709553967,100273511,1708436774,1708436774,18446744073709553967,ARBITRUM
418,18446744073709553968,99947771,1708436955,1708436955,18446744073709553968,ARBITRUM
419,18446744073709553969,100283080,1708458896,1708458896,18446744073709553969,ARBITRUM
420,18446744073709553970,99956456,1708459706,1708459706,18446744073709553970,ARBITRUM
421,18446744073709553971,100352192,1708464301,1708464301,18446744073709553971,ARBITRUM
422,18446744073709553972,100050000,1708465109,1708465109,18446744073709553972,ARBITRUM
423,18446744073709553973,99723244,1708517355,1708517355,18446744073709553973,ARBITRUM
424,18446744073709553974,100040000,1708529004,1708529004,18446744073709553974,ARBITRUM
425,18446744073709553975,99739240,1708610283,1708610283,18446744073709553975,ARBITRUM
426,18446744073709553976,100040000,1708614005,1708614005,18446744073709553976,ARBITRUM
427,18446744073709553977,99923527,1708700421,1708700421,18446744073709553977,ARBITRUM
428,18446744073709553978,99794765,1708786836,1708786836,18446744073709553978,ARBITRUM
429,18446744073709553979,100100000,1708796892,1708796892,18446744073709553979,ARBITRUM
430,18446744073709553980,99788378,1708805146,1708805146,18446744073709553980,ARBITRUM
431,18446744073709553981,100090000,1708826036,1708826036,18446744073709553981,ARBITRUM
432,18446744073709553982,99788556,1708829310,1708829310,18446744073709553982,ARBITRUM
433,18446744073709553983,99783214,1708915726,1708915726,18446744073709553983,ARBITRUM
434,18446744073709553984,100140183,1708961322,1708961322,18446744073709553984,ARBITRUM
435,18446744073709553985,99815770,1708961380,1708961380,18446744073709553985,ARBITRUM
436,18446744073709553986,100200000,1708999411,1708999411,18446744073709553986,ARBITRUM
437,18446744073709553987,99895015,1709000431,1709000431,18446744073709553987,ARBITRUM
438,18446744073709553988,99768804,1709086850,1709086850,18446744073709553988,ARBITRUM
439,18446744073709553989,100100000,1709111044,1709111044,18446744073709553989,ARBITRUM
440,18446744073709553990,99797058,1709111256,1709111256,18446744073709553990,ARBITRUM
441,18446744073709553991,100178969,1709127674,1709127674,18446744073709553991,ARBITRUM
442,18446744073709553992,99835074,1709127976,1709127976,18446744073709553992,ARBITRUM
443,18446744073709553993,100146186,1709140341,1709140341,18446744073709553993,ARBITRUM
444,18446744073709553994,99809040,1709140851,1709140851,18446744073709553994,ARBITRUM
445,18446744073709553995,100148332,1709146824,1709146824,18446744073709553995,ARBITRUM
446,18446744073709553996,99831806,1709147544,1709147544,18446744073709553996,ARBITRUM
447,18446744073709553997,100220000,1709162643,1709162643,18446744073709553997,ARBITRUM
448,18446744073709553998,99766418,1709162885,1709162885,18446744073709553998,ARBITRUM
449,18446744073709553999,100090000,1709182215,1709182215,18446744073709553999,ARBITRUM
450,18446744073709554000,99782463,1709182814,1709182814,18446744073709554000,ARBITRUM
451,18446744073709554001,99895069,1709269233,1709269233,18446744073709554001,ARBITRUM
452,18446744073709554002,99710822,1709355650,1709355650,18446744073709554002,ARBITRUM
453,18446744073709554003,99696596,1709442064,1709442064,18446744073709554003,ARBITRUM
454,18446744073709554004,100000000,1709467998,1709467998,18446744073709554004,ARBITRUM
455,18446744073709554005,99677429,1709469288,1709469288,18446744073709554005,ARBITRUM
456,18446744073709554006,100004064,1709484388,1709484388,18446744073709554006,ARBITRUM
457,18446744073709554007,99692071,1709496513,1709496513,18446744073709554007,ARBITRUM
458,18446744073709554008,99994184,1709511551,1709511551,18446744073709554008,ARBITRUM
459,18446744073709554009,99682883,1709541388,1709541388,18446744073709554009,ARBITRUM
460,18446744073709554010,99999701,1709545052,1709545052,18446744073709554010,ARBITRUM
461,18446744073709554011,99692098,1709545380,1709545380,18446744073709554011,ARBITRUM
462,18446744073709554012,100060000,1709562789,1709562789,18446744073709554012,ARBITRUM
463,18446744073709554013,99732517,1709562969,1709562969,18446744073709554013,ARBITRUM
464,18446744073709554014,100085401,1709565310,1709565310,18446744073709554014,ARBITRUM
465,18446744073709554015,99759184,1709565761,1709565761,18446744073709554015,ARBITRUM
466,18446744073709554016,99737689,1709652178,1709652178,18446744073709554016,ARBITRUM
467,18446744073709554017,100070000,1709673549,1709673549,18446744073709554017,ARBITRUM
468,18446744073709554018,99710213,1709689277,1709689277,18446744073709554018,ARBITRUM
469,18446744073709554019,100051858,1709701043,1709701043,18446744073709554019,ARBITRUM
470,18446744073709554020,99747680,1709707707,1709707707,18446744073709554020,ARBITRUM
471,18446744073709554021,100066921,1709712900,1709712900,18446744073709554021,ARBITRUM
472,18446744073709554022,99763996,1709716651,1709716651,18446744073709554022,ARBITRUM
473,18446744073709554023,100069668,1709733520,1709733520,18446744073709554023,ARBITRUM
474,18446744073709554024,99767754,1709748649,1709748649,18446744073709554024,ARBITRUM
475,18446744073709554025,100070000,1709753511,1709753511,18446744073709554025,ARBITRUM
476,18446744073709554026,99758328,1709770710,1709770710,18446744073709554026,ARBITRUM
477,18446744073709554027,100060000,1709822579,1709822579,18446744073709554027,ARBITRUM
478,18446744073709554028,99728516,1709822937,1709822937,18446744073709554028,ARBITRUM
479,18446744073709554029,99820019,1709909353,1709909353,18446744073709554029,ARBITRUM
480,18446744073709554030,99779882,1709995762,1709995762,18446744073709554030,ARBITRUM
481,18446744073709554031,99700735,1710082176,1710082176,18446744073709554031,ARBITRUM
482,18446744073709554032,100036224,1710140575,1710140575,18446744073709554032,ARBITRUM
483,18446744073709554033,99735663,1710157202,1710157202,18446744073709554033,ARBITRUM
484,18446744073709554034,99737128,1710243630,1710243630,18446744073709554034,ARBITRUM
485,18446744073709554035,100090000,1710252603,1710252603,18446744073709554035,ARBITRUM
486,18446744073709554036,99761402,1710252723,1710252723,18446744073709554036,ARBITRUM
487,18446744073709554037,100095101,1710266023,1710266023,18446744073709554037,ARBITRUM
488,18446744073709554038,99751198,1710266502,1710266502,18446744073709554038,ARBITRUM
489,18446744073709554039,100090000,1710266862,1710266862,18446744073709554039,ARBITRUM
490,18446744073709554040,99750724,1710267042,1710267042,18446744073709554040,ARBITRUM
491,18446744073709554041,99671374,1710353450,1710353450,18446744073709554041,ARBITRUM
492,18446744073709554042,99972712,1710389770,1710389770,18446744073709554042,ARBITRUM
493,18446744073709554043,99633688,1710424106,1710424106,18446744073709554043,ARBITRUM
494,18446744073709554044,100098436,1710426299,1710426299,18446744073709554044,ARBITRUM
495,18446744073709554045,99762072,1710426359,1710426359,18446744073709554045,ARBITRUM
496,18446744073709554046,100163555,1710435273,1710435273,18446744073709554046,ARBITRUM
497,18446744073709554047,99854937,1710435513,1710435513,18446744073709554047,ARBITRUM
498,18446744073709554048,99511137,1710470181,1710470181,18446744073709554048,ARBITRUM
499,18446744073709554049,99848051,1710474535,1710474535,18446744073709554049,ARBITRUM
500,18446744073709554050,99535829,1710476694,1710476694,18446744073709554050,ARBITRUM
501,18446744073709554051,99869774,1710479186,1710479186,18446744073709554051,ARBITRUM
502,18446744073709554052,99510256,1710479726,1710479726,18446744073709554052,ARBITRUM
503,18446744073709554053,99980528,1710484289,1710484289,18446744073709554053,ARBITRUM
504,18446744073709554054,99660386,1710492183,1710492183,18446744073709554054,ARBITRUM
505,18446744073709554055,100128045,1710495754,1710495754,18446744073709554055,ARBITRUM
506,18446744073709554056,99814433,1710496355,1710496355,18446744073709554056,ARBITRUM
507,18446744073709554057,100120000,1710510672,1710510672,18446744073709554057,ARBITRUM
508,18446744073709554058,99787266,1710510854,1710510854,18446744073709554058,ARBITRUM
509,18446744073709554059,100110000,1710528834,1710528834,18446744073709554059,ARBITRUM
510,18446744073709554060,99764355,1710529163,1710529163,18446744073709554060,ARBITRUM
511,18446744073709554061,99565015,1710615585,1710615585,18446744073709554061,ARBITRUM
512,18446744073709554062,99973537,1710616065,1710616065,18446744073709554062,ARBITRUM
513,18446744073709554063,99671795,1710616755,1710616755,18446744073709554063,ARBITRUM
514,18446744073709554064,99970897,1710628853,1710628853,18446744073709554064,ARBITRUM
515,18446744073709554065,99620833,1710630743,1710630743,18446744073709554065,ARBITRUM
516,18446744073709554066,99936371,1710634045,1710634045,18446744073709554066,ARBITRUM
517,18446744073709554067,99601722,1710637436,1710637436,18446744073709554067,ARBITRUM
518,18446744073709554068,99904011,1710638309,1710638309,18446744073709554068,ARBITRUM
519,18446744073709554069,99555102,1710657938,1710657938,18446744073709554069,ARBITRUM
520,18446744073709554070,99855358,1710660789,1710660789,18446744073709554070,ARBITRUM
521,18446744073709554071,100182216,1710740300,1710740300,18446744073709554071,ARBITRUM
522,18446744073709554072,99873821,1710740480,1710740480,18446744073709554072,ARBITRUM
523,18446744073709554073,99564857,1710750806,1710750806,18446744073709554073,ARBITRUM
524,18446744073709554074,99921659,1710751105,1710751105,18446744073709554074,ARBITRUM
525,18446744073709554075,99616007,1710755157,1710755157,18446744073709554075,ARBITRUM
526,18446744073709554076,99948686,1710758101,1710758101,18446744073709554076,ARBITRUM
527,18446744073709554077,99626538,1710770197,1710770197,18446744073709554077,ARBITRUM
528,18446744073709554078,99963549,1710777369,1710777369,18446744073709554078,ARBITRUM
529,18446744073709554079,99537535,1710781362,1710781362,18446744073709554079,ARBITRUM
530,18446744073709554080,99863105,1710782292,1710782292,18446744073709554080,ARBITRUM
531,18446744073709554081,99549045,1710782653,1710782653,18446744073709554081,ARBITRUM
532,18446744073709554082,99848024,1710784153,1710784153,18446744073709554082,ARBITRUM
533,18446744073709554083,99535987,1710786314,1710786314,18446744073709554083,ARBITRUM
534,18446744073709554084,99837710,1710787006,1710787006,18446744073709554084,ARBITRUM
535,18446744073709554085,99472013,1710809816,1710809816,18446744073709554085,ARBITRUM
536,18446744073709554086,99814430,1710812878,1710812878,18446744073709554086,ARBITRUM
537,18446744073709554087,99501209,1710814108,1710814108,18446744073709554087,ARBITRUM
538,18446744073709554088,99817471,1710814260,1710814260,18446744073709554088,ARBITRUM
539,18446744073709554089,99505914,1710818132,1710818132,18446744073709554089,ARBITRUM
540,18446744073709554090,99877460,1710820291,1710820291,18446744073709554090,ARBITRUM
541,18446744073709554091,99543965,1710826055,1710826055,18446744073709554091,ARBITRUM
542,18446744073709554092,99951997,1710826504,1710826504,18446744073709554092,ARBITRUM
543,18446744073709554093,99645453,1710827047,1710827047,18446744073709554093,ARBITRUM
544,18446744073709554094,99951238,1710827795,1710827795,18446744073709554094,ARBITRUM
545,18446744073709554095,99505990,1710831878,1710831878,18446744073709554095,ARBITRUM
546,18446744073709554096,100190000,1710833648,1710833648,18446744073709554096,ARBITRUM
547,18446744073709554097,99854667,1710833799,1710833799,18446744073709554097,ARBITRUM
548,18446744073709554098,99486494,1710838752,1710838752,18446744073709554098,ARBITRUM
549,18446744073709554099,99794274,1710839143,1710839143,18446744073709554099,ARBITRUM
550,18446744073709554100,99480362,1710841753,1710841753,18446744073709554100,ARBITRUM
551,18446744073709554101,99792151,1710842024,1710842024,18446744073709554101,ARBITRUM
552,18446744073709554102,99438498,1710843914,1710843914,18446744073709554102,ARBITRUM
553,18446744073709554103,99762761,1710844695,1710844695,18446744073709554103,ARBITRUM
554,18446744073709554104,99428307,1710846856,1710846856,18446744073709554104,ARBITRUM
555,18446744073709554105,99754773,1710848176,1710848176,18446744073709554105,ARBITRUM
556,18446744073709554106,100093506,1710849197,1710849197,18446744073709554106,ARBITRUM
557,18446744073709554107,99767619,1710849677,1710849677,18446744073709554107,ARBITRUM
558,18446744073709554108,100096228,1710850157,1710850157,18446744073709554108,ARBITRUM
559,18446744073709554109,99753383,1710850668,1710850668,18446744073709554109,ARBITRUM
560,18446744073709554110,99452737,1710854420,1710854420,18446744073709554110,ARBITRUM
561,18446744073709554111,99758551,1710854720,1710854720,18446744073709554111,ARBITRUM
562,18446744073709554112,99266425,1710857813,1710857813,18446744073709554112,ARBITRUM
563,18446744073709554113,99569352,1710857843,1710857843,18446744073709554113,ARBITRUM
564,18446744073709554114,99944986,1710859252,1710859252,18446744073709554114,ARBITRUM
565,18446744073709554115,99625757,1710879152,1710879152,18446744073709554115,ARBITRUM
566,18446744073709554116,99959188,1710885126,1710885126,18446744073709554116,ARBITRUM
567,18446744073709554117,99549493,1710886568,1710886568,18446744073709554117,ARBITRUM
568,18446744073709554118,99860507,1710891099,1710891099,18446744073709554118,ARBITRUM
569,18446744073709554119,99347583,1710898123,1710898123,18446744073709554119,ARBITRUM
570,18446744073709554120,99696845,1710898333,1710898333,18446744073709554120,ARBITRUM
571,18446744073709554121,100060000,1710900854,1710900854,18446744073709554121,ARBITRUM
572,18446744073709554122,99743183,1710901425,1710901425,18446744073709554122,ARBITRUM
573,18446744073709554123,100100000,1710905117,1710905117,18446744073709554123,ARBITRUM
574,18446744073709554124,99777163,1710905597,1710905597,18446744073709554124,ARBITRUM
575,18446744073709554125,99226101,1710907338,1710907338,18446744073709554125,ARBITRUM
576,18446744073709554126,99707048,1710907520,1710907520,18446744073709554126,ARBITRUM
577,18446744073709554127,100010000,1710911181,1710911181,18446744073709554127,ARBITRUM
578,18446744073709554128,99670176,1710911330,1710911330,18446744073709554128,ARBITRUM
579,18446744073709554129,99983435,1710914753,1710914753,18446744073709554129,ARBITRUM
580,18446744073709554130,99672652,1710924116,1710924116,18446744073709554130,ARBITRUM
581,18446744073709554131,99982726,1710926549,1710926549,18446744073709554131,ARBITRUM
582,18446744073709554132,99666753,1710934802,1710934802,18446744073709554132,ARBITRUM
583,18446744073709554133,99966157,1710936633,1710936633,18446744073709554133,ARBITRUM
584,18446744073709554134,100282629,1710936994,1710936994,18446744073709554134,ARBITRUM
585,18446744073709554135,99736022,1710937503,1710937503,18446744073709554135,ARBITRUM
586,18446744073709554136,100200000,1710937624,1710937624,18446744073709554136,ARBITRUM
587,18446744073709554137,99809985,1710937953,1710937953,18446744073709554137,ARBITRUM
588,18446744073709554138,99321897,1710952498,1710952498,18446744073709554138,ARBITRUM
589,18446744073709554139,99772368,1710952919,1710952919,18446744073709554139,ARBITRUM
590,18446744073709554140,100120700,1710953911,1710953911,18446744073709554140,ARBITRUM
591,18446744073709554141,99797693,1710954001,1710954001,18446744073709554141,ARBITRUM
592,18446744073709554142,100110938,1710956191,1710956191,18446744073709554142,ARBITRUM
593,18446744073709554143,99780002,1710956281,1710956281,18446744073709554143,ARBITRUM
594,18446744073709554144,100140000,1710958112,1710958112,18446744073709554144,ARBITRUM
595,18446744073709554145,99796921,1710958352,1710958352,18446744073709554145,ARBITRUM
596,18446744073709554146,100280000,1710961714,1710961714,18446744073709554146,ARBITRUM
597,18446744073709554147,99795142,1710962044,1710962044,18446744073709554147,ARBITRUM
598,18446744073709554148,100164353,1710966638,1710966638,18446744073709554148,ARBITRUM
599,18446744073709554149,99802681,1710967446,1710967446,18446744073709554149,ARBITRUM
600,18446744073709554150,100106628,1710976691,1710976691,18446744073709554150,ARBITRUM
601,18446744073709554151,99788464,1710976991,1710976991,18446744073709554151,ARBITRUM
602,18446744073709554152,100100000,1711001334,1711001334,18446744073709554152,ARBITRUM
603,18446744073709554153,99799189,1711001606,1711001606,18446744073709554153,ARBITRUM
604,18446744073709554154,100110000,1711009590,1711009590,18446744073709554154,ARBITRUM
605,18446744073709554155,99785349,1711009741,1711009741,18446744073709554155,ARBITRUM
606,18446744073709554156,100110000,1711052784,1711052784,18446744073709554156,ARBITRUM
607,18446744073709554157,99791084,1711052874,1711052874,18446744073709554157,ARBITRUM
608,18446744073709554158,100098149,1711077845,1711077845,18446744073709554158,ARBITRUM
609,18446744073709554159,99790868,1711078535,1711078535,18446744073709554159,ARBITRUM
610,18446744073709554160,100110000,1711121100,1711121100,18446744073709554160,ARBITRUM
611,18446744073709554161,99756135,1711121881,1711121881,18446744073709554161,ARBITRUM
612,18446744073709554162,100114461,1711127312,1711127312,18446744073709554162,ARBITRUM
613,18446744073709554163,99813024,1711127824,1711127824,18446744073709554163,ARBITRUM
614,18446744073709554164,99797382,1711214238,1711214238,18446744073709554164,ARBITRUM
615,18446744073709554165,100100000,1711290539,1711290539,18446744073709554165,ARBITRUM
616,18446744073709554166,99795776,1711290932,1711290932,18446744073709554166,ARBITRUM
617,18446744073709554167,100139214,1711312002,1711312002,18446744073709554167,ARBITRUM
618,18446744073709554168,99805785,1711312484,1711312484,18446744073709554168,ARBITRUM
619,18446744073709554169,100112626,1711318725,1711318725,18446744073709554169,ARBITRUM
620,18446744073709554170,99810317,1711318786,1711318786,18446744073709554170,ARBITRUM
621,18446744073709554171,100143800,1711376989,1711376989,18446744073709554171,ARBITRUM
622,18446744073709554172,99840889,1711377440,1711377440,18446744073709554172,ARBITRUM
623,18446744073709554173,100182531,1711385003,1711385003,18446744073709554173,ARBITRUM
624,18446744073709554174,99839281,1711386712,1711386712,18446744073709554174,ARBITRUM
625,18446744073709554175,99787356,1711473130,1711473130,18446744073709554175,ARBITRUM
626,18446744073709554176,100116593,1711545229,1711545229,18446744073709554176,ARBITRUM
627,18446744073709554177,99807405,1711546668,1711546668,18446744073709554177,ARBITRUM
628,18446744073709554178,99960289,1711633084,1711633084,18446744073709554178,ARBITRUM
629,18446744073709554179,99826214,1711719488,1711719488,18446744073709554179,ARBITRUM
630,18446744073709554180,99784239,1711805916,1711805916,18446744073709554180,ARBITRUM
631,18446744073709554181,99814762,1711892320,1711892320,18446744073709554181,ARBITRUM
632,18446744073709554182,99789106,1711978736,1711978736,18446744073709554182,ARBITRUM
633,18446744073709554183,99748937,1712065153,1712065153,18446744073709554183,ARBITRUM
634,18446744073709554184,99834410,1712151571,1712151571,18446744073709554184,ARBITRUM
635,18446744073709554185,99780955,1712237988,1712237988,18446744073709554185,ARBITRUM
636,18446744073709554186,99980194,1712324406,1712324406,18446744073709554186,ARBITRUM
637,18446744073709554187,99803150,1712410820,1712410820,18446744073709554187,ARBITRUM
638,18446744073709554188,99820499,1712497237,1712497237,18446744073709554188,ARBITRUM
639,18446744073709554189,99790477,1712583653,1712583653,18446744073709554189,ARBITRUM
640,18446744073709554190,99777168,1712670069,1712670069,18446744073709554190,ARBITRUM
641,18446744073709554191,99744159,1712756478,1712756478,18446744073709554191,ARBITRUM
642,18446744073709554192,99836985,1712842906,1712842906,18446744073709554192,ARBITRUM
643,18446744073709554193,99818920,1712929323,1712929323,18446744073709554193,ARBITRUM
644,18446744073709554194,99888907,1713015744,1713015744,18446744073709554194,ARBITRUM
645,18446744073709554195,99558575,1713038258,1713038258,18446744073709554195,ARBITRUM
646,18446744073709554196,99083902,1713039997,1713039997,18446744073709554196,ARBITRUM
647,18446744073709554197,99478366,1713040118,1713040118,18446744073709554197,ARBITRUM
648,18446744073709554198,99880110,1713040478,1713040478,18446744073709554198,ARBITRUM
649,18446744073709554199,100196342,1713050384,1713050384,18446744073709554199,ARBITRUM
650,18446744073709554200,99847999,1713050446,1713050446,18446744073709554200,ARBITRUM
651,18446744073709554201,99530488,1713054497,1713054497,18446744073709554201,ARBITRUM
652,18446744073709554202,99863019,1713054857,1713054857,18446744073709554202,ARBITRUM
653,18446744073709554203,99826300,1713141274,1713141274,18446744073709554203,ARBITRUM
654,18446744073709554204,99840630,1713227691,1713227691,18446744073709554204,ARBITRUM
655,18446744073709554205,99994654,1713314097,1713314097,18446744073709554205,ARBITRUM
656,18446744073709554206,99838232,1713400502,1713400502,18446744073709554206,ARBITRUM
657,18446744073709554207,99868017,1713486922,1713486922,18446744073709554207,ARBITRUM
658,18446744073709554208,99866802,1713573341,1713573341,18446744073709554208,ARBITRUM
659,18446744073709554209,99856610,1713659755,1713659755,18446744073709554209,ARBITRUM
660,18446744073709554210,99878028,1713746171,1713746171,18446744073709554210,ARBITRUM
661,18446744073709554211,99884081,1713832588,1713832588,18446744073709554211,ARBITRUM
662,18446744073709554212,99905866,1713918991,1713918991,18446744073709554212,ARBITRUM
663,18446744073709554213,99864842,1714005407,1714005407,18446744073709554213,ARBITRUM
664,18446744073709554214,99887337,1714091822,1714091822,18446744073709554214,ARBITRUM
665,18446744073709554215,99865004,1714178225,1714178225,18446744073709554215,ARBITRUM
666,18446744073709554216,99871889,1714264632,1714264632,18446744073709554216,ARBITRUM
667,18446744073709554217,99853042,1714351035,1714351035,18446744073709554217,ARBITRUM
668,18446744073709554218,99865902,1714437451,1714437451,18446744073709554218,ARBITRUM
669,18446744073709554219,99818013,1714523872,1714523872,18446744073709554219,ARBITRUM
670,18446744073709554220,99827777,1714610277,1714610277,18446744073709554220,ARBITRUM
671,18446744073709554221,99868209,1714696690,1714696690,18446744073709554221,ARBITRUM
672,18446744073709554222,99872299,1714783106,1714783106,18446744073709554222,ARBITRUM
673,18446744073709554223,99858089,1714869519,1714869519,18446744073709554223,ARBITRUM
674,18446744073709554224,99852016,1714955933,1714955933,18446744073709554224,ARBITRUM
675,18446744073709554225,99832077,1715042348,1715042348,18446744073709554225,ARBITRUM
676,18446744073709554226,99805465,1715128764,1715128764,18446744073709554226,ARBITRUM
677,18446744073709554227,99828192,1715215180,1715215180,18446744073709554227,ARBITRUM
678,18446744073709554228,99820641,1715301597,1715301597,18446744073709554228,ARBITRUM
679,18446744073709554229,99857124,1715388000,1715388000,18446744073709554229,ARBITRUM
680,18446744073709554230,99826563,1715474416,1715474416,18446744073709554230,ARBITRUM
681,18446744073709554231,99777741,1715560834,1715560834,18446744073709554231,ARBITRUM
682,18446744073709554232,99836085,1715647249,1715647249,18446744073709554232,ARBITRUM
683,18446744073709554233,99811745,1715733652,1715733652,18446744073709554233,ARBITRUM
684,18446744073709554234,99850632,1715820056,1715820056,18446744073709554234,ARBITRUM
685,18446744073709554235,99810798,1715906471,1715906471,18446744073709554235,ARBITRUM
686,18446744073709554236,99839696,1715992889,1715992889,18446744073709554236,ARBITRUM
687,18446744073709554237,99808315,1716079304,1716079304,18446744073709554237,ARBITRUM
688,18446744073709554238,99830197,1716165719,1716165719,18446744073709554238,ARBITRUM
689,18446744073709554239,99860622,1716252141,1716252141,18446744073709554239,ARBITRUM
690,18446744073709554240,99819124,1716338557,1716338557,18446744073709554240,ARBITRUM
691,18446744073709554241,99812449,1716424972,1716424972,18446744073709554241,ARBITRUM
692,18446744073709554242,99814906,1716511392,1716511392,18446744073709554242,ARBITRUM
693,18446744073709554243,99811484,1716597810,1716597810,18446744073709554243,ARBITRUM
694,18446744073709554244,99815044,1716684228,1716684228,18446744073709554244,ARBITRUM
695,18446744073709554245,99787927,1716770633,1716770633,18446744073709554245,ARBITRUM
696,18446744073709554246,99785933,1716857052,1716857052,18446744073709554246,ARBITRUM
697,18446744073709554247,99771512,1716943470,1716943470,18446744073709554247,ARBITRUM
698,18446744073709554248,99777394,1717029886,1717029886,18446744073709554248,ARBITRUM
699,18446744073709554249,99775260,1717116302,1717116302,18446744073709554249,ARBITRUM
700,18446744073709554250,99780124,1717202717,1717202717,18446744073709554250,ARBITRUM
701,18446744073709554251,99757411,1717289133,1717289133,18446744073709554251,ARBITRUM
702,18446744073709554252,99781836,1717375547,1717375547,18446744073709554252,ARBITRUM
703,18446744073709554253,99790958,1717461948,1717461948,18446744073709554253,ARBITRUM
704,18446744073709554254,99789917,1717548371,1717548371,18446744073709554254,ARBITRUM
705,18446744073709554255,99777473,1717634773,1717634773,18446744073709554255,ARBITRUM
706,18446744073709554256,99789519,1717721188,1717721188,18446744073709554256,ARBITRUM
707,18446744073709554257,99781628,1717807615,1717807615,18446744073709554257,ARBITRUM
708,18446744073709554258,99823310,1717894031,1717894031,18446744073709554258,ARBITRUM
709,18446744073709554259,99773838,1717980445,1717980445,18446744073709554259,ARBITRUM
710,18446744073709554260,99764840,1718066847,1718066847,18446744073709554260,ARBITRUM
711,18446744073709554261,99804202,1718153270,1718153270,18446744073709554261,ARBITRUM
712,18446744073709554262,99732780,1718239692,1718239692,18446744073709554262,ARBITRUM
713,18446744073709554263,99823763,1718326108,1718326108,18446744073709554263,ARBITRUM
714,18446744073709554264,99786598,1718412510,1718412510,18446744073709554264,ARBITRUM
715,18446744073709554265,99775900,1718498924,1718498924,18446744073709554265,ARBITRUM
716,18446744073709554266,99774871,1718585325,1718585325,18446744073709554266,ARBITRUM
717,18446744073709554267,99738334,1718671747,1718671747,18446744073709554267,ARBITRUM
718,18446744073709554268,99772685,1718758166,1718758166,18446744073709554268,ARBITRUM
719,18446744073709554269,99819160,1718844586,1718844586,18446744073709554269,ARBITRUM
720,18446744073709554270,99748528,1718930997,1718930997,18446744073709554270,ARBITRUM
721,18446744073709554271,99773930,1719017398,1719017398,18446744073709554271,ARBITRUM
722,18446744073709554272,99783968,1719103817,1719103817,18446744073709554272,ARBITRUM
723,18446744073709554273,99726750,1719190232,1719190232,18446744073709554273,ARBITRUM
724,18446744073709554274,99777459,1719276648,1719276648,18446744073709554274,ARBITRUM
725,18446744073709554275,99765734,1719363051,1719363051,18446744073709554275,ARBITRUM
726,18446744073709554276,99744190,1719449465,1719449465,18446744073709554276,ARBITRUM
727,18446744073709554277,99719708,1719535872,1719535872,18446744073709554277,ARBITRUM
728,18446744073709554278,99802544,1719622286,1719622286,18446744073709554278,ARBITRUM
729,18446744073709554279,99747354,1719708705,1719708705,18446744073709554279,ARBITRUM
730,18446744073709554280,99730831,1719795119,1719795119,18446744073709554280,ARBITRUM
731,18446744073709554281,99732530,1719881542,1719881542,18446744073709554281,ARBITRUM
732,18446744073709554282,99690218,1719967957,1719967957,18446744073709554282,ARBITRUM
733,18446744073709554283,99726675,1720054373,1720054373,18446744073709554283,ARBITRUM
734,18446744073709554284,99704454,1720140789,1720140789,18446744073709554284,ARBITRUM
735,18446744073709554285,99742803,1720227194,1720227194,18446744073709554285,ARBITRUM
736,18446744073709554286,99713802,1720313606,1720313606,18446744073709554286,ARBITRUM
737,18446744073709554287,99686638,1720400026,1720400026,18446744073709554287,ARBITRUM
738,18446744073709554288,99697660,1720486427,1720486427,18446744073709554288,ARBITRUM
739,18446744073709554289,99690072,1720572842,1720572842,18446744073709554289,ARBITRUM
740,18446744073709554290,99724018,1720659244,1720659244,18446744073709554290,ARBITRUM
741,18446744073709554291,99686201,1720745659,1720745659,18446744073709554291,ARBITRUM
742,18446744073709554292,99723907,1720832075,1720832075,18446744073709554292,ARBITRUM
743,18446744073709554293,99707336,1720918490,1720918490,18446744073709554293,ARBITRUM
744,18446744073709554294,99714314,1721004897,1721004897,18446744073709554294,ARBITRUM
745,18446744073709554295,99709087,1721091313,1721091313,18446744073709554295,ARBITRUM
746,18446744073709554296,99677353,1721177732,1721177732,18446744073709554296,ARBITRUM
747,18446744073709554297,99711540,1721264150,1721264150,18446744073709554297,ARBITRUM
748,18446744073709554298,99659807,1721350568,1721350568,18446744073709554298,ARBITRUM
749,18446744073709554299,99721596,1721436978,1721436978,18446744073709554299,ARBITRUM
750,18446744073709554300,99710754,1721523395,1721523395,18446744073709554300,ARBITRUM
751,18446744073709554301,99679496,1721609801,1721609801,18446744073709554301,ARBITRUM
752,18446744073709554302,99705768,1721696205,1721696205,18446744073709554302,ARBITRUM
753,18446744073709554303,99651695,1721782624,1721782624,18446744073709554303,ARBITRUM
754,18446744073709554304,99693153,1721869037,1721869037,18446744073709554304,ARBITRUM
755,18446744073709554305,99695405,1721955463,1721955463,18446744073709554305,ARBITRUM
756,18446744073709554306,99694938,1722041867,1722041867,18446744073709554306,ARBITRUM
757,18446744073709554307,99636416,1722128282,1722128282,18446744073709554307,ARBITRUM
758,18446744073709554308,99632864,1722214696,1722214696,18446744073709554308,ARBITRUM
759,18446744073709554309,99693537,1722301108,1722301108,18446744073709554309,ARBITRUM
760,18446744073709554310,99646883,1722387532,1722387532,18446744073709554310,ARBITRUM
761,18446744073709554311,99639477,1722473948,1722473948,18446744073709554311,ARBITRUM
762,18446744073709554312,99634778,1722560364,1722560364,18446744073709554312,ARBITRUM
763,18446744073709554313,99606481,1722646781,1722646781,18446744073709554313,ARBITRUM
764,18446744073709554314,99660683,1722733193,1722733193,18446744073709554314,ARBITRUM
765,18446744073709554315,99586929,1722819619,1722819619,18446744073709554315,ARBITRUM
766,18446744073709554316,99893204,1722866819,1722866819,18446744073709554316,ARBITRUM
767,18446744073709554317,99696999,1722953244,1722953244,18446744073709554317,ARBITRUM
768,18446744073709554318,99662725,1723039647,1723039647,18446744073709554318,ARBITRUM
769,18446744073709554319,99677948,1723126067,1723126067,18446744073709554319,ARBITRUM
770,18446744073709554320,99754517,1723212483,1723212483,18446744073709554320,ARBITRUM
771,18446744073709554321,99708305,1723298900,1723298900,18446744073709554321,ARBITRUM
772,18446744073709554322,99712887,1723385318,1723385318,18446744073709554322,ARBITRUM
773,18446744073709554323,99708777,1723471738,1723471738,18446744073709554323,ARBITRUM
774,18446744073709554324,99702831,1723558139,1723558139,18446744073709554324,ARBITRUM
775,18446744073709554325,99660554,1723644548,1723644548,18446744073709554325,ARBITRUM
776,18446744073709554326,99702698,1723730962,1723730962,18446744073709554326,ARBITRUM
777,18446744073709554327,99685478,1723817377,1723817377,18446744073709554327,ARBITRUM
778,18446744073709554328,99663893,1723903787,1723903787,18446744073709554328,ARBITRUM
779,18446744073709554329,99654011,1723990200,1723990200,18446744073709554329,ARBITRUM
780,18446744073709554330,99653421,1724076614,1724076614,18446744073709554330,ARBITRUM
781,18446744073709554331,99669446,1724163018,1724163018,18446744073709554331,ARBITRUM
782,18446744073709554332,99765248,1724249434,1724249434,18446744073709554332,ARBITRUM
783,18446744073709554333,99683100,1724335853,1724335853,18446744073709554333,ARBITRUM
784,18446744073709554334,99705958,1724422266,1724422266,18446744073709554334,ARBITRUM
785,18446744073709554335,99713919,1724508681,1724508681,18446744073709554335,ARBITRUM
786,18446744073709554336,99692006,1724595109,1724595109,18446744073709554336,ARBITRUM
787,18446744073709554337,99645634,1724681521,1724681521,18446744073709554337,ARBITRUM
788,18446744073709554338,99618847,1724767933,1724767933,18446744073709554338,ARBITRUM
789,18446744073709554339,99668739,1724854363,1724854363,18446744073709554339,ARBITRUM
790,18446744073709554340,99663496,1724940766,1724940766,18446744073709554340,ARBITRUM
791,18446744073709554341,99669359,1725027166,1725027166,18446744073709554341,ARBITRUM
792,18446744073709554342,99628749,1725113583,1725113583,18446744073709554342,ARBITRUM
793,18446744073709554343,99627768,1725199992,1725199992,18446744073709554343,ARBITRUM
794,18446744073709554344,99658091,1725286403,1725286403,18446744073709554344,ARBITRUM
795,18446744073709554345,99647884,1725372817,1725372817,18446744073709554345,ARBITRUM
796,18446744073709554346,99682431,1725459230,1725459230,18446744073709554346,ARBITRUM
797,18446744073709554347,99688686,1725545632,1725545632,18446744073709554347,ARBITRUM
798,18446744073709554348,99695467,1725632049,1725632049,18446744073709554348,ARBITRUM
799,18446744073709554349,99738399,1725718457,1725718457,18446744073709554349,ARBITRUM
800,18446744073709554350,99707869,1725804870,1725804870,18446744073709554350,ARBITRUM
801,18446744073709554351,99743868,1725891289,1725891289,18446744073709554351,ARBITRUM
802,18446744073709554352,99729889,1725977714,1725977714,18446744073709554352,ARBITRUM
803,18446744073709554353,99707381,1726064130,1726064130,18446744073709554353,ARBITRUM
804,18446744073709554354,99703812,1726150539,1726150539,18446744073709554354,ARBITRUM
805,18446744073709554355,99775833,1726236952,1726236952,18446744073709554355,ARBITRUM
806,18446744073709554356,99726451,1726323371,1726323371,18446744073709554356,ARBITRUM
807,18446744073709554357,99732697,1726409788,1726409788,18446744073709554357,ARBITRUM
808,18446744073709554358,99687141,1726496211,1726496211,18446744073709554358,ARBITRUM
809,18446744073709554359,99999279,1726582380,1726582380,18446744073709554359,ARBITRUM
810,18446744073709554360,99697350,1726588203,1726588203,18446744073709554360,ARBITRUM
811,18446744073709554361,99726661,1726674617,1726674617,18446744073709554361,ARBITRUM
812,18446744073709554362,99767728,1726761032,1726761032,18446744073709554362,ARBITRUM
813,18446744073709554363,99722961,1726847450,1726847450,18446744073709554363,ARBITRUM
814,18446744073709554364,99756993,1726933859,1726933859,18446744073709554364,ARBITRUM
815,18446744073709554365,99705010,1727020277,1727020277,18446744073709554365,ARBITRUM
816,18446744073709554366,99873762,1727106691,1727106691,18446744073709554366,ARBITRUM
817,18446744073709554367,99759361,1727193109,1727193109,18446744073709554367,ARBITRUM
818,18446744073709554368,99731163,1727279524,1727279524,18446744073709554368,ARBITRUM
819,18446744073709554369,99753683,1727365931,1727365931,18446744073709554369,ARBITRUM
820,18446744073709554370,99766655,1727452359,1727452359,18446744073709554370,ARBITRUM
821,18446744073709554371,99755597,1727538775,1727538775,18446744073709554371,ARBITRUM
822,18446744073709554372,99761466,1727625189,1727625189,18446744073709554372,ARBITRUM
823,18446744073709554373,99741844,1727711604,1727711604,18446744073709554373,ARBITRUM
824,18446744073709554374,99750070,1727798008,1727798008,18446744073709554374,ARBITRUM
825,18446744073709554375,99793821,1727884426,1727884426,18446744073709554375,ARBITRUM
826,18446744073709554376,99809377,1727970842,1727970842,18446744073709554376,ARBITRUM
827,18446744073709554377,99722861,1728057264,1728057264,18446744073709554377,ARBITRUM
828,18446744073709554378,99732635,1728143677,1728143677,18446744073709554378,ARBITRUM
829,18446744073709554379,99733802,1728230094,1728230094,18446744073709554379,ARBITRUM
830,18446744073709554380,99728199,1728316499,1728316499,18446744073709554380,ARBITRUM
831,18446744073709554381,99760811,1728402915,1728402915,18446744073709554381,ARBITRUM
832,18446744073709554382,99768317,1728489331,1728489331,18446744073709554382,ARBITRUM
833,18446744073709554383,99708235,1728575735,1728575735,18446744073709554383,ARBITRUM
834,18446744073709554384,99738367,1728662153,1728662153,18446744073709554384,ARBITRUM
835,18446744073709554385,99744182,1728748567,1728748567,18446744073709554385,ARBITRUM
836,18446744073709554386,99769536,1728834974,1728834974,18446744073709554386,ARBITRUM
837,18446744073709554387,99686036,1728921386,1728921386,18446744073709554387,ARBITRUM
838,18446744073709554388,99748817,1729007805,1729007805,18446744073709554388,ARBITRUM
839,18446744073709554389,99724553,1729094206,1729094206,18446744073709554389,ARBITRUM
840,18446744073709554390,99702950,1729180624,1729180624,18446744073709554390,ARBITRUM
841,18446744073709554391,99714058,1729267052,1729267052,18446744073709554391,ARBITRUM
842,18446744073709554392,99690097,1729353471,1729353471,18446744073709554392,ARBITRUM
843,18446744073709554393,99727841,1729439889,1729439889,18446744073709554393,ARBITRUM
844,18446744073709554394,99732907,1729526311,1729526311,18446744073709554394,ARBITRUM
845,18446744073709554395,99690943,1729612734,1729612734,18446744073709554395,ARBITRUM
846,18446744073709554396,99731291,1729699153,1729699153,18446744073709554396,ARBITRUM
847,18446744073709554397,99717830,1729785569,1729785569,18446744073709554397,ARBITRUM
848,18446744073709554398,99688924,1729871998,1729871998,18446744073709554398,ARBITRUM
849,18446744073709554399,99651089,1729958409,1729958409,18446744073709554399,ARBITRUM
850,18446744073709554400,99698658,1730044821,1730044821,18446744073709554400,ARBITRUM
851,18446744073709554401,99689346,1730131234,1730131234,18446744073709554401,ARBITRUM
852,18446744073709554402,99757499,1730217646,1730217646,18446744073709554402,ARBITRUM
853,18446744073709554403,99693891,1730304061,1730304061,18446744073709554403,ARBITRUM
854,18446744073709554404,99688543,1730390490,1730390490,18446744073709554404,ARBITRUM
855,18446744073709554405,99653158,1730476920,1730476920,18446744073709554405,ARBITRUM
856,18446744073709554406,99649726,1730563334,1730563334,18446744073709554406,ARBITRUM
857,18446744073709554407,99747496,1730649746,1730649746,18446744073709554407,ARBITRUM
858,18446744073709554408,99669742,1730736160,1730736160,18446744073709554408,ARBITRUM
859,18446744073709554409,99637481,1730822573,1730822573,18446744073709554409,ARBITRUM
860,18446744073709554410,99600444,1730908989,1730908989,18446744073709554410,ARBITRUM
861,18446744073709554411,99650613,1730995400,1730995400,18446744073709554411,ARBITRUM
862,18446744073709554412,99680893,1731081814,1731081814,18446744073709554412,ARBITRUM
863,18446744073709554413,99586936,1731168216,1731168216,18446744073709554413,ARBITRUM
864,18446744073709554414,99634496,1731254638,1731254638,18446744073709554414,ARBITRUM
865,18446744073709554415,99601823,1731341051,1731341051,18446744073709554415,ARBITRUM
866,18446744073709554416,99578416,1731427453,1731427453,18446744073709554416,ARBITRUM
867,18446744073709554417,99636678,1731513867,1731513867,18446744073709554417,ARBITRUM
868,18446744073709554418,99567137,1731600268,1731600268,18446744073709554418,ARBITRUM
869,18446744073709554419,99641735,1731686692,1731686692,18446744073709554419,ARBITRUM
870,18446744073709554420,99667122,1731773106,1731773106,18446744073709554420,ARBITRUM
871,18446744073709554421,99648257,1731859510,1731859510,18446744073709554421,ARBITRUM
872,18446744073709554422,99688992,1731945921,1731945921,18446744073709554422,ARBITRUM
873,18446744073709554423,99662286,1732032337,1732032337,18446744073709554423,ARBITRUM
874,18446744073709554424,99586509,1732118742,1732118742,18446744073709554424,ARBITRUM
875,18446744073709554425,99626813,1732205156,1732205156,18446744073709554425,ARBITRUM
876,18446744073709554426,99680676,1732291559,1732291559,18446744073709554426,ARBITRUM
877,18446744073709554427,99573686,1732377963,1732377963,18446744073709554427,ARBITRUM
878,18446744073709554428,99529544,1732464378,1732464378,18446744073709554428,ARBITRUM
879,18446744073709554429,99519396,1732550785,1732550785,18446744073709554429,ARBITRUM
880,18446744073709554430,99647105,1732637211,1732637211,18446744073709554430,ARBITRUM
881,18446744073709554431,99675772,1732723615,1732723615,18446744073709554431,ARBITRUM
882,18446744073709554432,99682160,1732810028,1732810028,18446744073709554432,ARBITRUM
883,18446744073709554433,99589707,1732896445,1732896445,18446744073709554433,ARBITRUM
884,18446744073709554434,99625437,1732982861,1732982861,18446744073709554434,ARBITRUM
885,18446744073709554435,99614160,1733069276,1733069276,18446744073709554435,ARBITRUM
886,18446744073709554436,99569335,1733155692,1733155692,18446744073709554436,ARBITRUM
887,18446744073709554437,99567351,1733242112,1733242112,18446744073709554437,ARBITRUM
888,18446744073709554438,99522732,1733328527,1733328527,18446744073709554438,ARBITRUM
889,18446744073709554439,99565871,1733414940,1733414940,18446744073709554439,ARBITRUM
890,18446744073709554440,99592712,1733501354,1733501354,18446744073709554440,ARBITRUM
891,18446744073709554441,99609601,1733587757,1733587757,18446744073709554441,ARBITRUM
892,18446744073709554442,99610920,1733674172,1733674172,18446744073709554442,ARBITRUM
893,18446744073709554443,99592663,1733760588,1733760588,18446744073709554443,ARBITRUM
894,18446744073709554444,99556803,1733846999,1733846999,18446744073709554444,ARBITRUM
895,18446744073709554445,99615368,1733933413,1733933413,18446744073709554445,ARBITRUM
896,18446744073709554446,99595906,1734019814,1734019814,18446744073709554446,ARBITRUM
897,18446744073709554447,99596871,1734106280,1734106280,18446744073709554447,ARBITRUM
898,18446744073709554448,99583994,1734192699,1734192699,18446744073709554448,ARBITRUM
899,18446744073709554449,99562288,1734279113,1734279113,18446744073709554449,ARBITRUM
900,18446744073709554450,99687995,1734365528,1734365528,18446744073709554450,ARBITRUM
901,18446744073709554451,99677595,1734451942,1734451942,18446744073709554451,ARBITRUM
902,18446744073709554452,99635740,1734538356,1734538356,18446744073709554452,ARBITRUM
903,18446744073709554453,99554057,1734624756,1734624756,18446744073709554453,ARBITRUM
904,18446744073709554454,99453790,1734711171,1734711171,18446744073709554454,ARBITRUM
905,18446744073709554455,99786218,1734761656,1734761656,18446744073709554455,ARBITRUM
906,18446744073709554456,99484658,1734844229,1734844229,18446744073709554456,ARBITRUM
907,18446744073709554457,99606012,1734930641,1734930641,18446744073709554457,ARBITRUM
908,18446744073709554458,99708586,1735017054,1735017054,18446744073709554458,ARBITRUM
909,18446744073709554459,99594245,1735103469,1735103469,18446744073709554459,ARBITRUM
910,18446744073709554460,99619105,1735189883,1735189883,18446744073709554460,ARBITRUM
911,18446744073709554461,99519321,1735276298,1735276298,18446744073709554461,ARBITRUM
912,18446744073709554462,99572616,1735362716,1735362716,18446744073709554462,ARBITRUM
913,18446744073709554463,99478603,1735449134,1735449134,18446744073709554463,ARBITRUM
914,18446744073709554464,99448544,1735535534,1735535534,18446744073709554464,ARBITRUM
915,18446744073709554465,99517950,1735621941,1735621941,18446744073709554465,ARBITRUM
916,18446744073709554466,99500709,1735708355,1735708355,18446744073709554466,ARBITRUM
917,18446744073709554467,99514302,1735794780,1735794780,18446744073709554467,ARBITRUM
918,18446744073709554468,99519894,1735881203,1735881203,18446744073709554468,ARBITRUM
919,18446744073709554469,99589067,1735967629,1735967629,18446744073709554469,ARBITRUM
920,18446744073709554470,99588615,1736054035,1736054035,18446744073709554470,ARBITRUM
921,18446744073709554471,99599775,1736140446,1736140446,18446744073709554471,ARBITRUM
922,18446744073709554472,99639267,1736226870,1736226870,18446744073709554472,ARBITRUM
923,18446744073709554473,99598956,1736313291,1736313291,18446744073709554473,ARBITRUM
924,18446744073709554474,99584753,1736399705,1736399705,18446744073709554474,ARBITRUM
925,18446744073709554475,99574451,1736486116,1736486116,18446744073709554475,ARBITRUM
926,18446744073709554476,99595470,1736572546,1736572546,18446744073709554476,ARBITRUM
927,18446744073709554477,99591059,1736658950,1736658950,18446744073709554477,ARBITRUM
928,18446744073709554478,99617564,1736745360,1736745360,18446744073709554478,ARBITRUM
929,18446744073709554479,99658225,1736831761,1736831761,18446744073709554479,ARBITRUM
930,18446744073709554480,99634803,1736918189,1736918189,18446744073709554480,ARBITRUM
931,18446744073709554481,99681482,1737004613,1737004613,18446744073709554481,ARBITRUM
932,18446744073709554482,99656814,1737091018,1737091018,18446744073709554482,ARBITRUM
933,18446744073709554483,99670537,1737177433,1737177433,18446744073709554483,ARBITRUM
934,18446744073709554484,99661573,1737263904,1737263904,18446744073709554484,ARBITRUM
935,18446744073709554485,99653519,1737264054,1737264054,18446744073709554485,ARBITRUM
936,18446744073709554486,99604080,1737350466,1737350466,18446744073709554486,ARBITRUM
937,18446744073709554487,99557835,1737436869,1737436869,18446744073709554487,ARBITRUM
938,18446744073709554488,99675725,1737523281,1737523281,18446744073709554488,ARBITRUM
939,18446744073709554489,99639180,1737609703,1737609703,18446744073709554489,ARBITRUM
940,18446744073709554490,99722050,1737696107,1737696107,18446744073709554490,ARBITRUM
941,18446744073709554491,99713871,1737782525,1737782525,18446744073709554491,ARBITRUM
942,18446744073709554492,99741552,1737868938,1737868938,18446744073709554492,ARBITRUM
943,18446744073709554493,99696892,1737955367,1737955367,18446744073709554493,ARBITRUM
944,18446744073709554494,99724685,1738041784,1738041784,18446744073709554494,ARBITRUM
945,18446744073709554495,99699161,1738128199,1738128199,18446744073709554495,ARBITRUM
946,18446744073709554496,99705400,1738214629,1738214629,18446744073709554496,ARBITRUM
947,18446744073709554497,99717012,1738301058,1738301058,18446744073709554497,ARBITRUM
948,18446744073709554498,99727290,1738387474,1738387474,18446744073709554498,ARBITRUM
949,18446744073709554499,99701265,1738473888,1738473888,18446744073709554499,ARBITRUM
950,18446744073709554500,99265680,1738548686,1738548686,18446744073709554500,ARBITRUM
951,18446744073709554501,99575341,1738548748,1738548748,18446744073709554501,ARBITRUM
952,18446744073709554502,99194309,1738549676,1738549676,18446744073709554502,ARBITRUM
953,18446744073709554503,99562796,1738549796,1738549796,18446744073709554503,ARBITRUM
954,18446744073709554504,99645006,1738636212,1738636212,18446744073709554504,ARBITRUM
955,18446744073709554505,99601432,1738722616,1738722616,18446744073709554505,ARBITRUM
956,18446744073709554506,99629389,1738809035,1738809035,18446744073709554506,ARBITRUM
957,18446744073709554507,99654547,1738895448,1738895448,18446744073709554507,ARBITRUM
958,18446744073709554508,99689862,1738981925,1738981925,18446744073709554508,ARBITRUM
959,18446744073709554509,99689862,1738982015,1738982015,18446744073709554509,ARBITRUM
960,18446744073709554510,99684975,1739068433,1739068433,18446744073709554510,ARBITRUM
961,18446744073709554511,99614767,1739154840,1739154840,18446744073709554511,ARBITRUM
962,18446744073709554512,99656140,1739241253,1739241253,18446744073709554512,ARBITRUM
963,18446744073709554513,99627939,1739327655,1739327655,18446744073709554513,ARBITRUM
964,18446744073709554514,99616701,1739414058,1739414058,18446744073709554514,ARBITRUM
965,18446744073709554515,99637426,1739500470,1739500470,18446744073709554515,ARBITRUM
966,18446744073709554516,99631932,1739586883,1739586883,18446744073709554516,ARBITRUM
967,18446744073709554517,99604037,1739673302,1739673302,18446744073709554517,ARBITRUM
968,18446744073709554518,99625603,1739759715,1739759715,18446744073709554518,ARBITRUM
969,18446744073709554519,99570277,1739846127,1739846127,18446744073709554519,ARBITRUM
970,18446744073709554520,99519694,1739932590,1739932590,18446744073709554520,ARBITRUM
971,18446744073709554521,99639529,1740019003,1740019003,18446744073709554521,ARBITRUM
972,18446744073709554522,99687323,1740105415,1740105415,18446744073709554522,ARBITRUM
973,18446744073709554523,99653313,1740191827,1740191827,18446744073709554523,ARBITRUM
974,18446744073709554524,99713272,1740278239,1740278239,18446744073709554524,ARBITRUM
975,18446744073709554525,99737137,1740364643,1740364643,18446744073709554525,ARBITRUM
976,18446744073709554526,99791021,1740451060,1740451060,18446744073709554526,ARBITRUM
977,18446744073709554527,99662766,1740537461,1740537461,18446744073709554527,ARBITRUM
978,18446744073709554528,99696183,1740623873,1740623873,18446744073709554528,ARBITRUM
979,18446744073709554529,99616213,1740710277,1740710277,18446744073709554529,ARBITRUM
980,18446744073709554530,99627012,1740796683,1740796683,18446744073709554530,ARBITRUM
981,18446744073709554531,99595574,1740883109,1740883109,18446744073709554531,ARBITRUM
982,18446744073709554532,99607531,1740969521,1740969521,18446744073709554532,ARBITRUM
983,18446744073709554533,99595108,1741055926,1741055926,18446744073709554533,ARBITRUM
984,18446744073709554534,99595554,1741142339,1741142339,18446744073709554534,ARBITRUM
985,18446744073709554535,99661708,1741228769,1741228769,18446744073709554535,ARBITRUM
986,18446744073709554536,99678434,1741315187,1741315187,18446744073709554536,ARBITRUM
987,18446744073709554537,99754069,1741401595,1741401595,18446744073709554537,ARBITRUM
988,18446744073709554538,99787078,1741488012,1741488012,18446744073709554538,ARBITRUM
989,18446744073709554539,99836959,1741574425,1741574425,18446744073709554539,ARBITRUM
990,18446744073709554540,99775702,1741660827,1741660827,18446744073709554540,ARBITRUM
991,18446744073709554541,99795192,1741747241,1741747241,18446744073709554541,ARBITRUM
992,18446744073709554542,99801544,1741833655,1741833655,18446744073709554542,ARBITRUM
993,18446744073709554543,99870628,1741920069,1741920069,18446744073709554543,ARBITRUM
994,18446744073709554544,99855429,1742006484,1742006484,18446744073709554544,ARBITRUM
995,18446744073709554545,99849931,1742092896,1742092896,18446744073709554545,ARBITRUM
996,18446744073709554546,99847622,1742179310,1742179310,18446744073709554546,ARBITRUM
997,18446744073709554547,99875196,1742265728,1742265728,18446744073709554547,ARBITRUM
998,18446744073709554548,99853497,1742352152,1742352152,18446744073709554548,ARBITRUM
999,18446744073709554549,100167217,1742396616,1742396616,18446744073709554549,ARBITRUM
1000,18446744073709554550,99864981,1742409822,1742409822,18446744073709554550,ARBITRUM
1001,18446744073709554551,99880086,1742496236,1742496236,18446744073709554551,ARBITRUM
1002,18446744073709554552,99892313,1742582650,1742582650,18446744073709554552,ARBITRUM
1003,18446744073709554553,99952427,1742669064,1742669064,18446744073709554553,ARBITRUM
1004,18446744073709554554,99914751,1742755479,1742755479,18446744073709554554,ARBITRUM
1005,18446744073709554555,99934779,1742841893,1742841893,18446744073709554555,ARBITRUM
1006,18446744073709554556,99913014,1742928307,1742928307,18446744073709554556,ARBITRUM
1007,18446744073709554557,99929160,1743014737,1743014737,18446744073709554557,ARBITRUM
1008,18446744073709554558,99925805,1743101151,1743101151,18446744073709554558,ARBITRUM
1009,18446744073709554559,99897188,1743187563,1743187563,18446744073709554559,ARBITRUM
1010,18446744073709554560,99930668,1743273977,1743273977,18446744073709554560,ARBITRUM
1011,18446744073709554561,99943003,1743360377,1743360377,18446744073709554561,ARBITRUM
1012,18446744073709554562,99938054,1743446778,1743446778,18446744073709554562,ARBITRUM
1013,18446744073709554563,99930853,1743533192,1743533192,18446744073709554563,ARBITRUM
1014,18446744073709554564,99953741,1743619606,1743619606,18446744073709554564,ARBITRUM
1015,18446744073709554565,99907303,1743706007,1743706007,18446744073709554565,ARBITRUM
1016,18446744073709554566,99913310,1743792423,1743792423,18446744073709554566,ARBITRUM
1017,18446744073709554567,99938355,1743878837,1743878837,18446744073709554567,ARBITRUM
1018,18446744073709554568,99879873,1743965238,1743965238,18446744073709554568,ARBITRUM
1019,18446744073709554569,99939236,1744051659,1744051659,18446744073709554569,ARBITRUM
1020,18446744073709554570,99971810,1744138073,1744138073,18446744073709554570,ARBITRUM
1021,18446744073709554571,100007346,1744224476,1744224476,18446744073709554571,ARBITRUM
1022,18446744073709554572,100011294,1744310888,1744310888,18446744073709554572,ARBITRUM
1023,18446744073709554573,99974887,1744397290,1744397290,18446744073709554573,ARBITRUM
1024,18446744073709554574,100014929,1744483703,1744483703,18446744073709554574,ARBITRUM
1025,18446744073709554575,99984220,1744570116,1744570116,18446744073709554575,ARBITRUM
1026,18446744073709554576,99978798,1744656529,1744656529,18446744073709554576,ARBITRUM
1027,18446744073709554577,99968773,1744742942,1744742942,18446744073709554577,ARBITRUM
1028,18446744073709554578,99981772,1744829356,1744829356,18446744073709554578,ARBITRUM
1029,18446744073709554579,99989553,1744915770,1744915770,18446744073709554579,ARBITRUM
1030,18446744073709554580,99964046,1745002184,1745002184,18446744073709554580,ARBITRUM
1031,18446744073709554581,99974953,1745088598,1745088598,18446744073709554581,ARBITRUM
1032,18446744073709554582,99984730,1745175017,1745175017,18446744073709554582,ARBITRUM
1033,18446744073709554583,99964815,1745261447,1745261447,18446744073709554583,ARBITRUM
